Workbook

Sheet ReadMe
A1: Forward max-capacity-investment tool v2 — grounded historical, plan/IRENA ceilings, two forms, escalating headroom
A3: WHAT CHANGED (v2): the single 'MaxAdd' column was ambiguous. Now each stock curve carries its OWN year-over-year delta (the true max change in stock).
A5: SHEETS:
A6: Historical — end-2024 stock, the grounding (purple).
A7: Parameters — control panel (blue tunable). Headroom is now a RAMP: H_start (early) -> H_end (late), to widen the cap as forecast confidence drops.
A8: Trajectory — per series: Stock-Logistic, Stock-Geometric, and MaxAdd-Log(raw)=Stock-Log[y]-Stock-Log[y-1], MaxAdd-Geo(raw)=Stock-Geo[y]-Stock-Geo[y-1]. Pure deltas.
A9: Comparison — Original & Updated vs Tool pure-Logistic, pure-Geometric, and the MAX/MIN bracket (headroom-scaled). Charts plot the 4 key lines; the bracket = the span between Tool-Log & Tool-Geo.
A10: Export — DROP-IN, AnnualMaxCapacity_Final format. 8 blocks: pure Logistic, pure Geometric, LARGEST, SMALLEST — each RAW and HEADROOM-scaled. Copy whichever block.
A12: OPTIONS LOGIC: per year, LARGEST gap = MAX(logistic delta, geometric delta); SMALLEST gap = MIN(...). Logistic humps then tapers (saturation); geometric compounds then hits the L ceiling. So MAX gives the most room, MIN the least.
A13: RAW = pure delta (literal max change in stock). HEADROOM = raw x Headroom[y], where Headroom[y]=H_start+(H_end-H_start)*(y-2025)/25.
A15: KNOBS: L_2050 = ceiling (main anti-runaway + controls how hard the late tail falls). ym = inflection year. k = steepness. g/base = geometric growth. H_start/H_end = headroom ramp.
A16: CAVEAT: escalating headroom is a SECONDARY lever; if the late tail collapses it's because L is too low / ym too early — fix those first. Chile/Argentina/Peru ceilings are [EST] (plans gave generation-share, not GW).

Sheet Historical
A1: Historical year-end stock (GW)
A3: Year | B3: Brazil Utility solar | C3: Brazil Onshore wind | D3: Mexico Utility solar | E3: Mexico Onshore wind | F3: Chile Utility solar | G3: Chile Onshore wind | H3: Argentina Utility solar | I3: Argentina Onshore wind | J3: Colombia Utility solar | K3: Colombia Onshore wind | L3: Peru Utility solar | M3: Peru Onshore wind
A4: 2010 | B4: 0 | C4: 0.93 | D4: 0.03 | E4: 0.519 | F4: 0 | G4: 0.163 | H4: 0.006 | I4: 0.054 | J4: 0 | K4: 0.0195 | L4: 0 | M4: 0.0007
A5: 2011 | B5: 0 | C5: 1.43 | D5: 0.04 | E5: 0.601 | F5: 0 | G5: 0.184 | H5: 0.006 | I5: 0.054 | J5: 0 | K5: 0.0195 | L5: 0 | M5: 0.0007
A6: 2012 | B6: 0 | C6: 2.5 | D6: 0.07 | E6: 1.815 | F6: 0.002 | G6: 0.202 | H6: 0.008 | I6: 0.129 | J6: 0 | K6: 0.0195 | L6: 0.096 | M6: 0.0007
A7: 2013 | B7: 0 | C7: 3.47 | D7: 0.1 | E7: 2.122 | F7: 0.015 | G7: 0.301 | H7: 0.008 | I7: 0.187 | J7: 0 | K7: 0.0195 | L7: 0.096 | M7: 0.0007
A8: 2014 | B8: 0 | C8: 5.96 | D8: 0.07 | E8: 2.569 | F8: 0.22 | G8: 0.736 | H8: 0.008 | I8: 0.188 | J8: 0 | K8: 0.0184 | L8: 0.096 | M8: 0.142
A9: 2015 | B9: 0 | C9: 8.715 | D9: 0.15 | E9: 3.271 | F9: 0.55 | G9: 0.91 | H9: 0.0142 | I9: 0.1882 | J9: 0.0015 | K9: 0.018 | L9: 0.1349 | M9: 0.2398
A10: 2016 | B10: 0.1 | C10: 10.74 | D10: 0.36 | E10: 4.051 | F10: 1.08 | G10: 1.039 | H10: 0.0137 | I10: 0.1882 | J10: 0.0015 | K10: 0.018 | L10: 0.1461 | M10: 0.24
A11: 2017 | B11: 1.1 | C11: 12.76 | D11: 0.67 | E11: 4.18 | F11: 1.64 | G11: 1.302 | H11: 0.0136 | I11: 0.2276 | J11: 0.0113 | K11: 0.018 | L11: 0.2979 | M11: 0.24
A12: 2018 | B12: 1.6 | C12: 14.71 | D12: 2.06 | E12: 4.18 | F12: 2.15 | G12: 1.692 | H12: 0.1961 | I12: 0.7512 | J12: 0.0134 | K12: 0.018 | L12: 0.3242 | M12: 0.3723
A13: 2019 | B13: 2.4 | C13: 15.45 | D13: 5.25 | E13: 6.541 | F13: 2.5 | G13: 1.999 | H13: 0.4459 | I13: 1.6095 | J13: 0.0231 | K13: 0.0184 | L13: 0.3348 | M13: 0.3723
A14: 2020 | B14: 3.5 | C14: 17.75 | D14: 5.59 | E14: 6.995 | F14: 2.9 | G14: 2.293 | H14: 0.7679 | I14: 2.624 | J14: 0.0827 | K14: 0.0184 | L14: 0.3348 | M14: 0.409
A15: 2021 | B15: 4.9 | C15: 21.5 | D15: 6.87 | E15: 7.469 | F15: 3.9 | G15: 3.14 | H15: 1.0769 | I15: 3.2922 | J15: 0.181 | K15: 0.0184 | L15: 0.3323 | M15: 0.409
... A18: 2024 | B18: 16.6 | C18: 32 | D18: 7.52 | E18: 7.318 | F18: 7.6 | G18: 4.717 | H18: 1.7406 | I18: 4.3203 | J18: 1.3925 | K18: 0.0338 | L18: 0.5277 | M18: 1.1507
A20: Primary source | B20: IRENA RCS25 (Δ); ABSOLAR/ANEEL/ONS | C20: IRENA RCS25 (Δ); GWEC/ABEEólica/ANEEL | D20: IRENA RCS25 (Δ); CRE/Asolmex | E20: IRENA RCS25 (Δ); AMDEE | F20: IRENA RCS25 (Δ); CEN/CNE/ACERA | G20: IRENA RCS25 (Δ); CEN/CNE/ACERA | H20: IRENA RCS25 (Δ); CAMMESA/Sec.Energía | I20: IRENA RCS25 (Δ); CAMMESA/Sec.Energía | J20: IRENA RCS25 (Δ); XM/UPME/SER | K20: IRENA RCS25 (Δ); XM/UPME | L20: IRENA RCS25 (Δ); COES/MINEM/SPR | M20: IRENA RCS25 (Δ); COES/MINEM/Osinergmin
A21: Provenance / caveat | B21: util/dist split 2016-21 [EST] | C21: 2012-14,16-17,19-20,22-23 [EST] | D21: firm (IRENA) | E21: IRENA vs AMDEE >15% (2019,2023) | F21: firm (IRENA); util=IRENA−PMGD | G21: firm (IRENA) | H21: pre-2015 [EST] | I21: pre-2015 [EST] | J21: 2024 IRENA vs SER (AC/DC) | K21: firm (IRENA) | L21: 2024 AC vs DC | M21: firm (IRENA)
A23: Backbone: IRENA Renewable Capacity Statistics 2025 (year-end stock; additions = year-over-year Δ). Full references & links on 'Sources' sheet.
A24: IRENA RCS 2025 → | B24: https://www.irena.org/Publications/2025/Mar/Renewable-capacity-statistics-2025

Sheet Parameters
A1: Parameters — control panel (blue = tunable)
A3: Key | B3: Country | C3: Tech | D3: Stock2024 | E3: Base(recent) | F3: Form | G3: L_2050 | H3: WP2030 | I3: k | J3: ym | K3: g | L3: H_start | M3: H_end | N3: Justification | O3: Source
A4: BRA_sol | B4: Brazil | C4: Utility solar | D4: 16.6 | E4: 3.84 | F4: Logistic | G4: 100 | H4: 35 | I4: 0.18 | J4: 2035 | K4: 0.06 | L4: 1.2 | M4: 1.5 | N4: PDE2034 ~35GW@34; PNE2050 35-196, ceiling mid | O4: EPE PDE2034/PNE2050
A5: BRA_wind | B5: Brazil | C5: Onshore wind | D5: 32 | E5: 3.92 | F5: Logistic | G5: 120 | H5: 50 | I5: 0.16 | J5: 2033 | K5: 0.05 | L5: 1.2 | M5: 1.5 | N5: PDE2034 ~50GW@34; PNE2050 potential 143 | O5: EPE PDE2034/PNE2050
A6: MEX_sol | B6: Mexico | C6: Utility solar | D6: 7.52 | E6: 0.22 | F6: Logistic | G6: 40 | H6: 23 | I6: 0.2 | J6: 2036 | K6: 0.08 | L6: 1.3 | M6: 1.6 | N6: PRODESEN ~23@30 ~25@38; base~0 post-auction | O6: SENER PRODESEN24-38
A7: MEX_wind | B7: Mexico | C7: Onshore wind | D7: 7.318 | E7: 0 | F7: Logistic | G7: 45 | H7: 12 | I7: 0.2 | J7: 2037 | K7: 0.08 | L7: 1.3 | M7: 1.6 | N7: PRODESEN ~12@30 ~33-35@38; base~0 | O7: SENER PRODESEN24-38
A8: CHL_sol | B8: Chile | C8: Utility solar | D8: 7.6 | E8: 1.23 | F8: Logistic | G8: 45 | H8: 15 | I8: 0.18 | J8: 2035 | K8: 0.06 | L8: 1.2 | M8: 1.5 | N8: PELP share+UChile >5x by50 [EST] | O8: MinEnergia PELP [EST]
A9: CHL_wind | B9: Chile | C9: Onshore wind | D9: 4.717 | E9: 0.526 | F9: Logistic | G9: 30 | H9: 8 | I9: 0.16 | J9: 2035 | K9: 0.06 | L9: 1.2 | M9: 1.5 | N9: PELP share+UChile [EST] | O9: MinEnergia PELP [EST]
A10: ARG_sol | B10: Argentina | C10: Utility solar | D10: 1.7406 | E10: 0.221 | F10: Logistic | G10: 12 | H10: 3 | I10: 0.18 | J10: 2037 | K10: 0.07 | L10: 1.3 | M10: 1.6 | N10: Plan Transicion adds only; ceiling [EST] | O10: Sec.Energia [EST]
A11: ARG_wind | B11: Argentina | C11: Onshore wind | D11: 4.3203 | E11: 0.343 | F11: Logistic | G11: 25 | H11: 7 | I11: 0.16 | J11: 2036 | K11: 0.06 | L11: 1.25 | M11: 1.55 | N11: REN30 +6GW wind@30; 2050 [EST] | O11: Sec.Energia [EST]
A12: COL_sol | B12: Colombia | C12: Utility solar | D12: 1.3925 | E12: 0.404 | F12: Logistic | G12: 28 | H12: 6 | I12: 0.2 | J12: 2036 | K12: 0.1 | L12: 1.3 | M12: 1.6 | N12: Govt 6GW; PEN2052 25-30.9 | O12: UPME PEN2022-2052
A13: COL_wind | B13: Colombia | C13: Onshore wind | D13: 0.0338 | E13: 0.005 | F13: Logistic | G13: 7 | H13: 3 | I13: 0.22 | J13: 2034 | K13: 0.1 | L13: 1.4 | M13: 1.7 | N13: Frozen to Colectora I; PEN2052 onshore 7 | O13: UPME PEN2022-2052
A14: PER_sol | B14: Peru | C14: Utility solar | D14: 0.5277 | E14: 0.065 | F14: Logistic | G14: 8 | H14: 2.3 | I14: 0.18 | J14: 2037 | K14: 0.1 | L14: 1.3 | M14: 1.6 | N14: Osinergmin pipeline ~2.3@30; 2050 [EST] | O14: MINEM/Osinergmin [EST]
A15: PER_wind | B15: Peru | C15: Onshore wind | D15: 1.1507 | E15: 0.247 | F15: Logistic | G15: 6 | H15: 1.5 | I15: 0.16 | J15: 2036 | K15: 0.08 | L15: 1.25 | M15: 1.55 | N15: pipeline ~0.6-1.0@30; 2050 [EST] | O15: MINEM/Osinergmin [EST]
A17: Forward anchors & full citations on 'Sources' sheet. Source cells link to the plan/report.

Sheet Trajectory
A1: Trajectory — Stock (both forms) + each form's own delta (MaxAdd raw = max change in stock). 2010-2050.
B2: Brazil Utility solar | F2: Brazil Onshore wind | J2: Mexico Utility solar | N2: Mexico Onshore wind | R2: Chile Utility solar | V2: Chile Onshore wind | Z2: Argentina Utility solar | AD2: Argentina Onshore wind | AH2: Colombia Utility solar | AL2: Colombia Onshore wind | AP2: Peru Utility solar | AT2: Peru Onshore wind
A3: Year | B3: Stock-Log | C3: Stock-Geo | D3: MaxAdd-Log(raw) | E3: MaxAdd-Geo(raw) | F3: Stock-Log | G3: Stock-Geo | H3: MaxAdd-Log(raw) | I3: MaxAdd-Geo(raw) | J3: Stock-Log | K3: Stock-Geo | L3: MaxAdd-Log(raw) | M3: MaxAdd-Geo(raw) | N3: Stock-Log | O3: Stock-Geo | P3: MaxAdd-Log(raw) | Q3: MaxAdd-Geo(raw) | R3: Stock-Log | S3: Stock-Geo | T3: MaxAdd-Log(raw) | U3: MaxAdd-Geo(raw) | V3: Stock-Log | W3: Stock-Geo | X3: MaxAdd-Log(raw) | Y3: MaxAdd-Geo(raw) | Z3: Stock-Log | AA3: Stock-Geo | AB3: MaxAdd-Log(raw) | AC3: MaxAdd-Geo(raw) | AD3: Stock-Log | AE3: Stock-Geo | AF3: MaxAdd-Log(raw) | AG3: MaxAdd-Geo(raw) | AH3: Stock-Log | AI3: Stock-Geo | AJ3: MaxAdd-Log(raw) | AK3: MaxAdd-Geo(raw) | AL3: Stock-Log | AM3: Stock-Geo | AN3: MaxAdd-Log(raw) | AO3: MaxAdd-Geo(raw) | AP3: Stock-Log | AQ3: Stock-Geo | AR3: MaxAdd-Log(raw) | AS3: MaxAdd-Geo(raw) | AT3: Stock-Log | AU3: Stock-Geo | AV3: MaxAdd-Log(raw) | AW3: MaxAdd-Geo(raw)
A4: 2010 | B4: 0 | C4: 0 | F4: 0.93 | G4: 0.93 | J4: 0.03 | K4: 0.03 | N4: 0.519 | O4: 0.519 | R4: 0 | S4: 0 | V4: 0.163 | W4: 0.163 | Z4: 0.006 | AA4: 0.006 | AD4: 0.054 | AE4: 0.054 | AH4: 0 | AI4: 0 | AL4: 0.0195 | AM4: 0.0195 | AP4: 0 | AQ4: 0 | AT4: 0.0007 | AU4: 0.0007
A5: 2011 | B5: 0 | C5: 0 | D5: =MAX(B5-B4,0) -> 0 | E5: =MAX(C5-C4,0) -> 0 | F5: 1.43 | G5: 1.43 | H5: =MAX(F5-F4,0) -> 0.5 | I5: =MAX(G5-G4,0) -> 0.5 | J5: 0.04 | K5: 0.04 | L5: =MAX(J5-J4,0) -> 0.01 | M5: =MAX(K5-K4,0) -> 0.01 | N5: 0.601 | O5: 0.601 | P5: =MAX(N5-N4,0) -> 0.082 | Q5: =MAX(O5-O4,0) -> 0.082 | R5: 0 | S5: 0 | T5: =MAX(R5-R4,0) -> 0 | U5: =MAX(S5-S4,0) -> 0 | V5: 0.184 | W5: 0.184 | X5: =MAX(V5-V4,0) -> 0.021 | Y5: =MAX(W5-W4,0) -> 0.021 | Z5: 0.006 | AA5: 0.006 | AB5: =MAX(Z5-Z4,0) -> 0 | AC5: =MAX(AA5-AA4,0) -> 0 | AD5: 0.054 | AE5: 0.054 | AF5: =MAX(AD5-AD4,0) -> 0 | AG5: =MAX(AE5-AE4,0) -> 0 | AH5: 0 | AI5: 0 | AJ5: =MAX(AH5-AH4,0) -> 0 | AK5: =MAX(AI5-AI4,0) -> 0 | AL5: 0.0195 | AM5: 0.0195 | AN5: =MAX(AL5-AL4,0) -> 0 | AO5: =MAX(AM5-AM4,0) -> 0 | AP5: 0 | AQ5: 0 | AR5: =MAX(AP5-AP4,0) -> 0 | AS5: =MAX(AQ5-AQ4,0) -> 0 | AT5: 0.0007 | AU5: 0.0007 | AV5: =MAX(AT5-AT4,0) -> 0 | AW5: =MAX(AU5-AU4,0) -> 0
A6: 2012 | B6: 0 | C6: 0 | D6: =MAX(B6-B5,0) -> 0 | E6: =MAX(C6-C5,0) -> 0 | F6: 2.5 | G6: 2.5 | H6: =MAX(F6-F5,0) -> 1.07 | I6: =MAX(G6-G5,0) -> 1.07 | J6: 0.07 | K6: 0.07 | L6: =MAX(J6-J5,0) -> 0.03 | M6: =MAX(K6-K5,0) -> 0.03 | N6: 1.815 | O6: 1.815 | P6: =MAX(N6-N5,0) -> 1.214 | Q6: =MAX(O6-O5,0) -> 1.214 | R6: 0.002 | S6: 0.002 | T6: =MAX(R6-R5,0) -> 0.002 | U6: =MAX(S6-S5,0) -> 0.002 | V6: 0.202 | W6: 0.202 | X6: =MAX(V6-V5,0) -> 0.018 | Y6: =MAX(W6-W5,0) -> 0.018 | Z6: 0.008 | AA6: 0.008 | AB6: =MAX(Z6-Z5,0) -> 0.002 | AC6: =MAX(AA6-AA5,0) -> 0.002 | AD6: 0.129 | AE6: 0.129 | AF6: =MAX(AD6-AD5,0) -> 0.075 | AG6: =MAX(AE6-AE5,0) -> 0.075 | AH6: 0 | AI6: 0 | AJ6: =MAX(AH6-AH5,0) -> 0 | AK6: =MAX(AI6-AI5,0) -> 0 | AL6: 0.0195 | AM6: 0.0195 | AN6: =MAX(AL6-AL5,0) -> 0 | AO6: =MAX(AM6-AM5,0) -> 0 | AP6: 0.096 | AQ6: 0.096 | AR6: =MAX(AP6-AP5,0) -> 0.096 | AS6: =MAX(AQ6-AQ5,0) -> 0.096 | AT6: 0.0007 | AU6: 0.0007 | AV6: =MAX(AT6-AT5,0) -> 0 | AW6: =MAX(AU6-AU5,0) -> 0
A7: 2013 | B7: 0 | C7: 0 | D7: =MAX(B7-B6,0) -> 0 | E7: =MAX(C7-C6,0) -> 0 | F7: 3.47 | G7: 3.47 | H7: =MAX(F7-F6,0) -> 0.97 | I7: =MAX(G7-G6,0) -> 0.97 | J7: 0.1 | K7: 0.1 | L7: =MAX(J7-J6,0) -> 0.03 | M7: =MAX(K7-K6,0) -> 0.03 | N7: 2.122 | O7: 2.122 | P7: =MAX(N7-N6,0) -> 0.307 | Q7: =MAX(O7-O6,0) -> 0.307 | R7: 0.015 | S7: 0.015 | T7: =MAX(R7-R6,0) -> 0.013 | U7: =MAX(S7-S6,0) -> 0.013 | V7: 0.301 | W7: 0.301 | X7: =MAX(V7-V6,0) -> 0.099 | Y7: =MAX(W7-W6,0) -> 0.099 | Z7: 0.008 | AA7: 0.008 | AB7: =MAX(Z7-Z6,0) -> 0 | AC7: =MAX(AA7-AA6,0) -> 0 | AD7: 0.187 | AE7: 0.187 | AF7: =MAX(AD7-AD6,0) -> 0.058 | AG7: =MAX(AE7-AE6,0) -> 0.058 | AH7: 0 | AI7: 0 | AJ7: =MAX(AH7-AH6,0) -> 0 | AK7: =MAX(AI7-AI6,0) -> 0 | AL7: 0.0195 | AM7: 0.0195 | AN7: =MAX(AL7-AL6,0) -> 0 | AO7: =MAX(AM7-AM6,0) -> 0 | AP7: 0.096 | AQ7: 0.096 | AR7: =MAX(AP7-AP6,0) -> 0 | AS7: =MAX(AQ7-AQ6,0) -> 0 | AT7: 0.0007 | AU7: 0.0007 | AV7: =MAX(AT7-AT6,0) -> 0 | AW7: =MAX(AU7-AU6,0) -> 0
A8: 2014 | B8: 0 | C8: 0 | D8: =MAX(B8-B7,0) -> 0 | E8: =MAX(C8-C7,0) -> 0 | F8: 5.96 | G8: 5.96 | H8: =MAX(F8-F7,0) -> 2.49 | I8: =MAX(G8-G7,0) -> 2.49 | J8: 0.07 | K8: 0.07 | L8: =MAX(J8-J7,0) -> 0 | M8: =MAX(K8-K7,0) -> 0 | N8: 2.569 | O8: 2.569 | P8: =MAX(N8-N7,0) -> 0.447 | Q8: =MAX(O8-O7,0) -> 0.447 | R8: 0.22 | S8: 0.22 | T8: =MAX(R8-R7,0) -> 0.205 | U8: =MAX(S8-S7,0) -> 0.205 | V8: 0.736 | W8: 0.736 | X8: =MAX(V8-V7,0) -> 0.435 | Y8: =MAX(W8-W7,0) -> 0.435 | Z8: 0.008 | AA8: 0.008 | AB8: =MAX(Z8-Z7,0) -> 0 | AC8: =MAX(AA8-AA7,0) -> 0 | AD8: 0.188 | AE8: 0.188 | AF8: =MAX(AD8-AD7,0) -> 0.001 | AG8: =MAX(AE8-AE7,0) -> 0.001 | AH8: 0 | AI8: 0 | AJ8: =MAX(AH8-AH7,0) -> 0 | AK8: =MAX(AI8-AI7,0) -> 0 | AL8: 0.0184 | AM8: 0.0184 | AN8: =MAX(AL8-AL7,0) -> 0 | AO8: =MAX(AM8-AM7,0) -> 0 | AP8: 0.096 | AQ8: 0.096 | AR8: =MAX(AP8-AP7,0) -> 0 | AS8: =MAX(AQ8-AQ7,0) -> 0 | AT8: 0.142 | AU8: 0.142 | AV8: =MAX(AT8-AT7,0) -> 0.1413 | AW8: =MAX(AU8-AU7,0) -> 0.1413
A9: 2015 | B9: 0 | C9: 0 | D9: =MAX(B9-B8,0) -> 0 | E9: =MAX(C9-C8,0) -> 0 | F9: 8.715 | G9: 8.715 | H9: =MAX(F9-F8,0) -> 2.755 | I9: =MAX(G9-G8,0) -> 2.755 | J9: 0.15 | K9: 0.15 | L9: =MAX(J9-J8,0) -> 0.08 | M9: =MAX(K9-K8,0) -> 0.08 | N9: 3.271 | O9: 3.271 | P9: =MAX(N9-N8,0) -> 0.702 | Q9: =MAX(O9-O8,0) -> 0.702 | R9: 0.55 | S9: 0.55 | T9: =MAX(R9-R8,0) -> 0.33 | U9: =MAX(S9-S8,0) -> 0.33 | V9: 0.91 | W9: 0.91 | X9: =MAX(V9-V8,0) -> 0.174 | Y9: =MAX(W9-W8,0) -> 0.174 | Z9: 0.0142 | AA9: 0.0142 | AB9: =MAX(Z9-Z8,0) -> 0.0062 | AC9: =MAX(AA9-AA8,0) -> 0.0062 | AD9: 0.1882 | AE9: 0.1882 | AF9: =MAX(AD9-AD8,0) -> 0.0002 | AG9: =MAX(AE9-AE8,0) -> 0.0002 | AH9: 0.0015 | AI9: 0.0015 | AJ9: =MAX(AH9-AH8,0) -> 0.0015 | AK9: =MAX(AI9-AI8,0) -> 0.0015 | AL9: 0.018 | AM9: 0.018 | AN9: =MAX(AL9-AL8,0) -> 0 | AO9: =MAX(AM9-AM8,0) -> 0 | AP9: 0.1349 | AQ9: 0.1349 | AR9: =MAX(AP9-AP8,0) -> 0.0389 | AS9: =MAX(AQ9-AQ8,0) -> 0.0389 | AT9: 0.2398 | AU9: 0.2398 | AV9: =MAX(AT9-AT8,0) -> 0.0978 | AW9: =MAX(AU9-AU8,0) -> 0.0978
A10: 2016 | B10: 0.1 | C10: 0.1 | D10: =MAX(B10-B9,0) -> 0.1 | E10: =MAX(C10-C9,0) -> 0.1 | F10: 10.74 | G10: 10.74 | H10: =MAX(F10-F9,0) -> 2.025 | I10: =MAX(G10-G9,0) -> 2.025 | J10: 0.36 | K10: 0.36 | L10: =MAX(J10-J9,0) -> 0.21 | M10: =MAX(K10-K9,0) -> 0.21 | N10: 4.051 | O10: 4.051 | P10: =MAX(N10-N9,0) -> 0.78 | Q10: =MAX(O10-O9,0) -> 0.78 | R10: 1.08 | S10: 1.08 | T10: =MAX(R10-R9,0) -> 0.53 | U10: =MAX(S10-S9,0) -> 0.53 | V10: 1.039 | W10: 1.039 | X10: =MAX(V10-V9,0) -> 0.129 | Y10: =MAX(W10-W9,0) -> 0.129 | Z10: 0.0137 | AA10: 0.0137 | AB10: =MAX(Z10-Z9,0) -> 0 | AC10: =MAX(AA10-AA9,0) -> 0 | AD10: 0.1882 | AE10: 0.1882 | AF10: =MAX(AD10-AD9,0) -> 0 | AG10: =MAX(AE10-AE9,0) -> 0 | AH10: 0.0015 | AI10: 0.0015 | AJ10: =MAX(AH10-AH9,0) -> 0 | AK10: =MAX(AI10-AI9,0) -> 0 | AL10: 0.018 | AM10: 0.018 | AN10: =MAX(AL10-AL9,0) -> 0 | AO10: =MAX(AM10-AM9,0) -> 0 | AP10: 0.1461 | AQ10: 0.1461 | AR10: =MAX(AP10-AP9,0) -> 0.0112 | AS10: =MAX(AQ10-AQ9,0) -> 0.0112 | AT10: 0.24 | AU10: 0.24 | AV10: =MAX(AT10-AT9,0) -> 0.0002 | AW10: =MAX(AU10-AU9,0) -> 0.0002
A11: 2017 | B11: 1.1 | C11: 1.1 | D11: =MAX(B11-B10,0) -> 1 | E11: =MAX(C11-C10,0) -> 1 | F11: 12.76 | G11: 12.76 | H11: =MAX(F11-F10,0) -> 2.02 | I11: =MAX(G11-G10,0) -> 2.02 | J11: 0.67 | K11: 0.67 | L11: =MAX(J11-J10,0) -> 0.31 | M11: =MAX(K11-K10,0) -> 0.31 | N11: 4.18 | O11: 4.18 | P11: =MAX(N11-N10,0) -> 0.129 | Q11: =MAX(O11-O10,0) -> 0.129 | R11: 1.64 | S11: 1.64 | T11: =MAX(R11-R10,0) -> 0.56 | U11: =MAX(S11-S10,0) -> 0.56 | V11: 1.302 | W11: 1.302 | X11: =MAX(V11-V10,0) -> 0.263 | Y11: =MAX(W11-W10,0) -> 0.263 | Z11: 0.0136 | AA11: 0.0136 | AB11: =MAX(Z11-Z10,0) -> 0 | AC11: =MAX(AA11-AA10,0) -> 0 | AD11: 0.2276 | AE11: 0.2276 | AF11: =MAX(AD11-AD10,0) -> 0.0394 | AG11: =MAX(AE11-AE10,0) -> 0.0394 | AH11: 0.0113 | AI11: 0.0113 | AJ11: =MAX(AH11-AH10,0) -> 0.0098 | AK11: =MAX(AI11-AI10,0) -> 0.0098 | AL11: 0.018 | AM11: 0.018 | AN11: =MAX(AL11-AL10,0) -> 0 | AO11: =MAX(AM11-AM10,0) -> 0 | AP11: 0.2979 | AQ11: 0.2979 | AR11: =MAX(AP11-AP10,0) -> 0.1518 | AS11: =MAX(AQ11-AQ10,0) -> 0.1518 | AT11: 0.24 | AU11: 0.24 | AV11: =MAX(AT11-AT10,0) -> 0 | AW11: =MAX(AU11-AU10,0) -> 0
A12: 2018 | B12: 1.6 | C12: 1.6 | D12: =MAX(B12-B11,0) -> 0.5 | E12: =MAX(C12-C11,0) -> 0.5 | F12: 14.71 | G12: 14.71 | H12: =MAX(F12-F11,0) -> 1.95 | I12: =MAX(G12-G11,0) -> 1.95 | J12: 2.06 | K12: 2.06 | L12: =MAX(J12-J11,0) -> 1.39 | M12: =MAX(K12-K11,0) -> 1.39 | N12: 4.18 | O12: 4.18 | P12: =MAX(N12-N11,0) -> 0 | Q12: =MAX(O12-O11,0) -> 0 | R12: 2.15 | S12: 2.15 | T12: =MAX(R12-R11,0) -> 0.51 | U12: =MAX(S12-S11,0) -> 0.51 | V12: 1.692 | W12: 1.692 | X12: =MAX(V12-V11,0) -> 0.39 | Y12: =MAX(W12-W11,0) -> 0.39 | Z12: 0.1961 | AA12: 0.1961 | AB12: =MAX(Z12-Z11,0) -> 0.1825 | AC12: =MAX(AA12-AA11,0) -> 0.1825 | AD12: 0.7512 | AE12: 0.7512 | AF12: =MAX(AD12-AD11,0) -> 0.5236 | AG12: =MAX(AE12-AE11,0) -> 0.5236 | AH12: 0.0134 | AI12: 0.0134 | AJ12: =MAX(AH12-AH11,0) -> 0.0021 | AK12: =MAX(AI12-AI11,0) -> 0.0021 | AL12: 0.018 | AM12: 0.018 | AN12: =MAX(AL12-AL11,0) -> 0 | AO12: =MAX(AM12-AM11,0) -> 0 | AP12: 0.3242 | AQ12: 0.3242 | AR12: =MAX(AP12-AP11,0) -> 0.0263 | AS12: =MAX(AQ12-AQ11,0) -> 0.0263 | AT12: 0.3723 | AU12: 0.3723 | AV12: =MAX(AT12-AT11,0) -> 0.1323 | AW12: =MAX(AU12-AU11,0) -> 0.1323
A13: 2019 | B13: 2.4 | C13: 2.4 | D13: =MAX(B13-B12,0) -> 0.8 | E13: =MAX(C13-C12,0) -> 0.8 | F13: 15.45 | G13: 15.45 | H13: =MAX(F13-F12,0) -> 0.74 | I13: =MAX(G13-G12,0) -> 0.74 | J13: 5.25 | K13: 5.25 | L13: =MAX(J13-J12,0) -> 3.19 | M13: =MAX(K13-K12,0) -> 3.19 | N13: 6.541 | O13: 6.541 | P13: =MAX(N13-N12,0) -> 2.361 | Q13: =MAX(O13-O12,0) -> 2.361 | R13: 2.5 | S13: 2.5 | T13: =MAX(R13-R12,0) -> 0.35 | U13: =MAX(S13-S12,0) -> 0.35 | V13: 1.999 | W13: 1.999 | X13: =MAX(V13-V12,0) -> 0.307 | Y13: =MAX(W13-W12,0) -> 0.307 | Z13: 0.4459 | AA13: 0.4459 | AB13: =MAX(Z13-Z12,0) -> 0.2498 | AC13: =MAX(AA13-AA12,0) -> 0.2498 | AD13: 1.6095 | AE13: 1.6095 | AF13: =MAX(AD13-AD12,0) -> 0.8583 | AG13: =MAX(AE13-AE12,0) -> 0.8583 | AH13: 0.0231 | AI13: 0.0231 | AJ13: =MAX(AH13-AH12,0) -> 0.0097 | AK13: =MAX(AI13-AI12,0) -> 0.0097 | AL13: 0.0184 | AM13: 0.0184 | AN13: =MAX(AL13-AL12,0) -> 0.0004 | AO13: =MAX(AM13-AM12,0) -> 0.0004 | AP13: 0.3348 | AQ13: 0.3348 | AR13: =MAX(AP13-AP12,0) -> 0.0106 | AS13: =MAX(AQ13-AQ12,0) -> 0.0106 | AT13: 0.3723 | AU13: 0.3723 | AV13: =MAX(AT13-AT12,0) -> 0 | AW13: =MAX(AU13-AU12,0) -> 0
A14: 2020 | B14: 3.5 | C14: 3.5 | D14: =MAX(B14-B13,0) -> 1.1 | E14: =MAX(C14-C13,0) -> 1.1 | F14: 17.75 | G14: 17.75 | H14: =MAX(F14-F13,0) -> 2.3 | I14: =MAX(G14-G13,0) -> 2.3 | J14: 5.59 | K14: 5.59 | L14: =MAX(J14-J13,0) -> 0.34 | M14: =MAX(K14-K13,0) -> 0.34 | N14: 6.995 | O14: 6.995 | P14: =MAX(N14-N13,0) -> 0.454 | Q14: =MAX(O14-O13,0) -> 0.454 | R14: 2.9 | S14: 2.9 | T14: =MAX(R14-R13,0) -> 0.4 | U14: =MAX(S14-S13,0) -> 0.4 | V14: 2.293 | W14: 2.293 | X14: =MAX(V14-V13,0) -> 0.294 | Y14: =MAX(W14-W13,0) -> 0.294 | Z14: 0.7679 | AA14: 0.7679 | AB14: =MAX(Z14-Z13,0) -> 0.322 | AC14: =MAX(AA14-AA13,0) -> 0.322 | AD14: 2.624 | AE14: 2.624 | AF14: =MAX(AD14-AD13,0) -> 1.0145 | AG14: =MAX(AE14-AE13,0) -> 1.0145 | AH14: 0.0827 | AI14: 0.0827 | AJ14: =MAX(AH14-AH13,0) -> 0.0596 | AK14: =MAX(AI14-AI13,0) -> 0.0596 | AL14: 0.0184 | AM14: 0.0184 | AN14: =MAX(AL14-AL13,0) -> 0 | AO14: =MAX(AM14-AM13,0) -> 0 | AP14: 0.3348 | AQ14: 0.3348 | AR14: =MAX(AP14-AP13,0) -> 0 | AS14: =MAX(AQ14-AQ13,0) -> 0 | AT14: 0.409 | AU14: 0.409 | AV14: =MAX(AT14-AT13,0) -> 0.0367 | AW14: =MAX(AU14-AU13,0) -> 0.0367
A15: 2021 | B15: 4.9 | C15: 4.9 | D15: =MAX(B15-B14,0) -> 1.4 | E15: =MAX(C15-C14,0) -> 1.4 | F15: 21.5 | G15: 21.5 | H15: =MAX(F15-F14,0) -> 3.75 | I15: =MAX(G15-G14,0) -> 3.75 | J15: 6.87 | K15: 6.87 | L15: =MAX(J15-J14,0) -> 1.28 | M15: =MAX(K15-K14,0) -> 1.28 | N15: 7.469 | O15: 7.469 | P15: =MAX(N15-N14,0) -> 0.474 | Q15: =MAX(O15-O14,0) -> 0.474 | R15: 3.9 | S15: 3.9 | T15: =MAX(R15-R14,0) -> 1 | U15: =MAX(S15-S14,0) -> 1 | V15: 3.14 | W15: 3.14 | X15: =MAX(V15-V14,0) -> 0.847 | Y15: =MAX(W15-W14,0) -> 0.847 | Z15: 1.0769 | AA15: 1.0769 | AB15: =MAX(Z15-Z14,0) -> 0.309 | AC15: =MAX(AA15-AA14,0) -> 0.309 | AD15: 3.2922 | AE15: 3.2922 | AF15: =MAX(AD15-AD14,0) -> 0.6682 | AG15: =MAX(AE15-AE14,0) -> 0.6682 | AH15: 0.181 | AI15: 0.181 | AJ15: =MAX(AH15-AH14,0) -> 0.0983 | AK15: =MAX(AI15-AI14,0) -> 0.0983 | AL15: 0.0184 | AM15: 0.0184 | AN15: =MAX(AL15-AL14,0) -> 0 | AO15: =MAX(AM15-AM14,0) -> 0 | AP15: 0.3323 | AQ15: 0.3323 | AR15: =MAX(AP15-AP14,0) -> 0 | AS15: =MAX(AQ15-AQ14,0) -> 0 | AT15: 0.409 | AU15: 0.409 | AV15: =MAX(AT15-AT14,0) -> 0 | AW15: =MAX(AU15-AU14,0) -> 0
A16: 2022 | B16: 7.7 | C16: 7.7 | D16: =MAX(B16-B15,0) -> 2.8 | E16: =MAX(C16-C15,0) -> 2.8 | F16: 25 | G16: 25 | H16: =MAX(F16-F15,0) -> 3.5 | I16: =MAX(G16-G15,0) -> 3.5 | J16: 6.7 | K16: 6.7 | L16: =MAX(J16-J15,0) -> 0 | M16: =MAX(K16-K15,0) -> 0 | N16: 7.634 | O16: 7.634 | P16: =MAX(N16-N15,0) -> 0.165 | Q16: =MAX(O16-O15,0) -> 0.165 | R16: 5.5 | S16: 5.5 | T16: =MAX(R16-R15,0) -> 1.6 | U16: =MAX(S16-S15,0) -> 1.6 | V16: 3.824 | W16: 3.824 | X16: =MAX(V16-V15,0) -> 0.684 | Y16: =MAX(W16-W15,0) -> 0.684 | Z16: 1.1127 | AA16: 1.1127 | AB16: =MAX(Z16-Z15,0) -> 0.0358 | AC16: =MAX(AA16-AA15,0) -> 0.0358 | AD16: 3.3102 | AE16: 3.3102 | AF16: =MAX(AD16-AD15,0) -> 0.018 | AG16: =MAX(AE16-AE15,0) -> 0.018 | AH16: 0.48 | AI16: 0.48 | AJ16: =MAX(AH16-AH15,0) -> 0.299 | AK16: =MAX(AI16-AI15,0) -> 0.299 | AL16: 0.0338 | AM16: 0.0338 | AN16: =MAX(AL16-AL15,0) -> 0.0154 | AO16: =MAX(AM16-AM15,0) -> 0.0154 | AP16: 0.3322 | AQ16: 0.3322 | AR16: =MAX(AP16-AP15,0) -> 0 | AS16: =MAX(AQ16-AQ15,0) -> 0 | AT16: 0.539 | AU16: 0.539 | AV16: =MAX(AT16-AT15,0) -> 0.13 | AW16: =MAX(AU16-AU15,0) -> 0.13
... A18: 2024 | B18: 16.6 | C18: 16.6 | D18: =MAX(B18-B17,0) -> 5.6 | E18: =MAX(C18-C17,0) -> 5.6 | F18: 32 | G18: 32 | H18: =MAX(F18-F17,0) -> 3 | I18: =MAX(G18-G17,0) -> 3 | J18: 7.52 | K18: 7.52 | L18: =MAX(J18-J17,0) -> 0 | M18: =MAX(K18-K17,0) -> 0 | N18: 7.318 | O18: 7.318 | P18: =MAX(N18-N17,0) -> 0 | Q18: =MAX(O18-O17,0) -> 0 | R18: 7.6 | S18: 7.6 | T18: =MAX(R18-R17,0) -> 0.6 | U18: =MAX(S18-S17,0) -> 0.6 | V18: 4.717 | W18: 4.717 | X18: =MAX(V18-V17,0) -> 0.184 | Y18: =MAX(W18-W17,0) -> 0.184 | Z18: 1.7406 | AA18: 1.7406 | AB18: =MAX(Z18-Z17,0) -> 0.3353 | AC18: =MAX(AA18-AA17,0) -> 0.3353 | AD18: 4.3203 | AE18: 4.3203 | AF18: =MAX(AD18-AD17,0) -> 0.614 | AG18: =MAX(AE18-AE17,0) -> 0.614 | AH18: 1.3925 | AI18: 1.3925 | AJ18: =MAX(AH18-AH17,0) -> 0.6765 | AK18: =MAX(AI18-AI17,0) -> 0.6765 | AL18: 0.0338 | AM18: 0.0338 | AN18: =MAX(AL18-AL17,0) -> 0 | AO18: =MAX(AM18-AM17,0) -> 0 | AP18: 0.5277 | AQ18: 0.5277 | AR18: =MAX(AP18-AP17,0) -> 0.0805 | AS18: =MAX(AQ18-AQ17,0) -> 0.0805 | AT18: 1.1507 | AU18: 1.1507 | AV18: =MAX(AT18-AT17,0) -> 0.1357 | AW18: =MAX(AU18-AU17,0) -> 0.1357
A19: 2025 | B19: =Parameters!$D$4+(Parameters!$G$4-Parameters!$D$4)*((1/(1+EXP(-Parameters!$I$4*($A19-Parameters!$J$4))))-(1/(1+EXP(-Parameters!$I$4*(2024-Parameters!$J$4)))))/(1-(1/(1+EXP(-Parameters!$I$4*(2024-Parameters!$J$4))))) -> 18.548816 | C19: =MIN(Parameters!$D$4+IF(Parameters!$K$4=0,Parameters!$E$4*($A19-2024),Parameters!$E$4*((1+Parameters!$K$4)^($A19-2024)-1)/Parameters!$K$4),Parameters!$G$4) -> 20.44 | D19: =MAX(B19-B18,0) -> 1.9488158 | E19: =MAX(C19-C18,0) -> 3.84 | F19: =Parameters!$D$5+(Parameters!$G$5-Parameters!$D$5)*((1/(1+EXP(-Parameters!$I$5*($A19-Parameters!$J$5))))-(1/(1+EXP(-Parameters!$I$5*(2024-Parameters!$J$5)))))/(1-(1/(1+EXP(-Parameters!$I$5*(2024-Parameters!$J$5))))) -> 34.830621 | G19: =MIN(Parameters!$D$5+IF(Parameters!$K$5=0,Parameters!$E$5*($A19-2024),Parameters!$E$5*((1+Parameters!$K$5)^($A19-2024)-1)/Parameters!$K$5),Parameters!$G$5) -> 35.92 | H19: =MAX(F19-F18,0) -> 2.8306214 | I19: =MAX(G19-G18,0) -> 3.92 | J19: =Parameters!$D$6+(Parameters!$G$6-Parameters!$D$6)*((1/(1+EXP(-Parameters!$I$6*($A19-Parameters!$J$6))))-(1/(1+EXP(-Parameters!$I$6*(2024-Parameters!$J$6)))))/(1-(1/(1+EXP(-Parameters!$I$6*(2024-Parameters!$J$6))))) -> 8.1072935 | K19: =MIN(Parameters!$D$6+IF(Parameters!$K$6=0,Parameters!$E$6*($A19-2024),Parameters!$E$6*((1+Parameters!$K$6)^($A19-2024)-1)/Parameters!$K$6),Parameters!$G$6) -> 7.74 | L19: =MAX(J19-J18,0) -> 0.58729349 | M19: =MAX(K19-K18,0) -> 0.22 | N19: =Parameters!$D$7+(Parameters!$G$7-Parameters!$D$7)*((1/(1+EXP(-Parameters!$I$7*($A19-Parameters!$J$7))))-(1/(1+EXP(-Parameters!$I$7*(2024-Parameters!$J$7)))))/(1-(1/(1+EXP(-Parameters!$I$7*(2024-Parameters!$J$7))))) -> 7.8861184 | O19: =MIN(Parameters!$D$7+IF(Parameters!$K$7=0,Parameters!$E$7*($A19-2024),Parameters!$E$7*((1+Parameters!$K$7)^($A19-2024)-1)/Parameters!$K$7),Parameters!$G$7) -> 7.318 | P19: =MAX(N19-N18,0) -> 0.5681184 | Q19: =MAX(O19-O18,0) -> 0 | R19: =Parameters!$D$8+(Parameters!$G$8-Parameters!$D$8)*((1/(1+EXP(-Parameters!$I$8*($A19-Parameters!$J$8))))-(1/(1+EXP(-Parameters!$I$8*(2024-Parameters!$J$8)))))/(1-(1/(1+EXP(-Parameters!$I$8*(2024-Parameters!$J$8))))) -> 8.4739294 | S19: =MIN(Parameters!$D$8+IF(Parameters!$K$8=0,Parameters!$E$8*($A19-2024),Parameters!$E$8*((1+Parameters!$K$8)^($A19-2024)-1)/Parameters!$K$8),Parameters!$G$8) -> 8.83 | T19: =MAX(R19-R18,0) -> 0.87392939 | U19: =MAX(S19-S18,0) -> 1.23 | V19: =Parameters!$D$9+(Parameters!$G$9-Parameters!$D$9)*((1/(1+EXP(-Parameters!$I$9*($A19-Parameters!$J$9))))-(1/(1+EXP(-Parameters!$I$9*(2024-Parameters!$J$9)))))/(1-(1/(1+EXP(-Parameters!$I$9*(2024-Parameters!$J$9))))) -> 5.344957 | W19: =MIN(Parameters!$D$9+IF(Parameters!$K$9=0,Parameters!$E$9*($A19-2024),Parameters!$E$9*((1+Parameters!$K$9)^($A19-2024)-1)/Parameters!$K$9),Parameters!$G$9) -> 5.243 | X19: =MAX(V19-V18,0) -> 0.62795703 | Y19: =MAX(W19-W18,0) -> 0.526 | Z19: =Parameters!$D$10+(Parameters!$G$10-Parameters!$D$10)*((1/(1+EXP(-Parameters!$I$10*($A19-Parameters!$J$10))))-(1/(1+EXP(-Parameters!$I$10*(2024-Parameters!$J$10)))))/(1-(1/(1+EXP(-Parameters!$I$10*(2024-Parameters!$J$10))))) -> 1.9153497 | AA19: =MIN(Parameters!$D$10+IF(Parameters!$K$10=0,Parameters!$E$10*($A19-2024),Parameters!$E$10*((1+Parameters!$K$10)^($A19-2024)-1)/Parameters!$K$10),Parameters!$G$10) -> 1.9616 | AB19: =MAX(Z19-Z18,0) -> 0.17474974 | AC19: =MAX(AA19-AA18,0) -> 0.221 | AD19: =Parameters!$D$11+(Parameters!$G$11-Parameters!$D$11)*((1/(1+EXP(-Parameters!$I$11*($A19-Parameters!$J$11))))-(1/(1+EXP(-Parameters!$I$11*(2024-Parameters!$J$11)))))/(1-(1/(1+EXP(-Parameters!$I$11*(2024-Parameters!$J$11))))) -> 4.7691294 | AE19: =MIN(Parameters!$D$11+IF(Parameters!$K$11=0,Parameters!$E$11*($A19-2024),Parameters!$E$11*((1+Parameters!$K$11)^($A19-2024)-1)/Parameters!$K$11),Parameters!$G$11) -> 4.6633 | AF19: =MAX(AD19-AD18,0) -> 0.44882939 | AG19: =MAX(AE19-AE18,0) -> 0.343 | AH19: =Parameters!$D$12+(Parameters!$G$12-Parameters!$D$12)*((1/(1+EXP(-Parameters!$I$12*($A19-Parameters!$J$12))))-(1/(1+EXP(-Parameters!$I$12*(2024-Parameters!$J$12)))))/(1-(1/(1+EXP(-Parameters!$I$12*(2024-Parameters!$J$12))))) -> 1.8736087 | AI19: =MIN(Parameters!$D$12+IF(Parameters!$K$12=0,Parameters!$E$12*($A19-2024),Parameters!$E$12*((1+Parameters!$K$12)^($A19-2024)-1)/Parameters!$K$12),Parameters!$G$12) -> 1.7965 | AJ19: =MAX(AH19-AH18,0) -> 0.48110873 | AK19: =MAX(AI19-AI18,0) -> 0.404 | AL19: =Parameters!$D$13+(Parameters!$G$13-Parameters!$D$13)*((1/(1+EXP(-Parameters!$I$13*($A19-Parameters!$J$13))))-(1/(1+EXP(-Parameters!$I$13*(2024-Parameters!$J$13)))))/(1-(1/(1+EXP(-Parameters!$I$13*(2024-Parameters!$J$13))))) -> 0.20069754 | AM19: =MIN(Parameters!$D$13+IF(Parameters!$K$13=0,Parameters!$E$13*($A19-2024),Parameters!$E$13*((1+Parameters!$K$13)^($A19-2024)-1)/Parameters!$K$13),Parameters!$G$13) -> 0.0388 | AN19: =MAX(AL19-AL18,0) -> 0.16689754 | AO19: =MAX(AM19-AM18,0) -> 0.005 | AP19: =Parameters!$D$14+(Parameters!$G$14-Parameters!$D$14)*((1/(1+EXP(-Parameters!$I$14*($A19-Parameters!$J$14))))-(1/(1+EXP(-Parameters!$I$14*(2024-Parameters!$J$14)))))/(1-(1/(1+EXP(-Parameters!$I$14*(2024-Parameters!$J$14))))) -> 0.65497669 | AQ19: =MIN(Parameters!$D$14+IF(Parameters!$K$14=0,Parameters!$E$14*($A19-2024),Parameters!$E$14*((1+Parameters!$K$14)^($A19-2024)-1)/Parameters!$K$14),Parameters!$G$14) -> 0.5927 | AR19: =MAX(AP19-AP18,0) -> 0.12727669 | AS19: =MAX(AQ19-AQ18,0) -> 0.065 | AT19: =Parameters!$D$15+(Parameters!$G$15-Parameters!$D$15)*((1/(1+EXP(-Parameters!$I$15*($A19-Parameters!$J$15))))-(1/(1+EXP(-Parameters!$I$15*(2024-Parameters!$J$15)))))/(1-(1/(1+EXP(-Parameters!$I$15*(2024-Parameters!$J$15))))) -> 1.2559485 | AU19: =MIN(Parameters!$D$15+IF(Parameters!$K$15=0,Parameters!$E$15*($A19-2024),Parameters!$E$15*((1+Parameters!$K$15)^($A19-2024)-1)/Parameters!$K$15),Parameters!$G$15) -> 1.3977 | AV19: =MAX(AT19-AT18,0) -> 0.10524855 | AW19: =MAX(AU19-AU18,0) -> 0.247
A20: 2026 | B20: =Parameters!$D$4+(Parameters!$G$4-Parameters!$D$4)*((1/(1+EXP(-Parameters!$I$4*($A20-Parameters!$J$4))))-(1/(1+EXP(-Parameters!$I$4*(2024-Parameters!$J$4)))))/(1-(1/(1+EXP(-Parameters!$I$4*(2024-Parameters!$J$4))))) -> 20.765442 | C20: =MIN(Parameters!$D$4+IF(Parameters!$K$4=0,Parameters!$E$4*($A20-2024),Parameters!$E$4*((1+Parameters!$K$4)^($A20-2024)-1)/Parameters!$K$4),Parameters!$G$4) -> 24.5104 | D20: =MAX(B20-B19,0) -> 2.2166258 | E20: =MAX(C20-C19,0) -> 4.0704 | F20: =Parameters!$D$5+(Parameters!$G$5-Parameters!$D$5)*((1/(1+EXP(-Parameters!$I$5*($A20-Parameters!$J$5))))-(1/(1+EXP(-Parameters!$I$5*(2024-Parameters!$J$5)))))/(1-(1/(1+EXP(-Parameters!$I$5*(2024-Parameters!$J$5))))) -> 37.928598 | G20: =MIN(Parameters!$D$5+IF(Parameters!$K$5=0,Parameters!$E$5*($A20-2024),Parameters!$E$5*((1+Parameters!$K$5)^($A20-2024)-1)/Parameters!$K$5),Parameters!$G$5) -> 40.036 | H20: =MAX(F20-F19,0) -> 3.0979762 | I20: =MAX(G20-G19,0) -> 4.116 | J20: =Parameters!$D$6+(Parameters!$G$6-Parameters!$D$6)*((1/(1+EXP(-Parameters!$I$6*($A20-Parameters!$J$6))))-(1/(1+EXP(-Parameters!$I$6*(2024-Parameters!$J$6)))))/(1-(1/(1+EXP(-Parameters!$I$6*(2024-Parameters!$J$6))))) -> 8.7964255 | K20: =MIN(Parameters!$D$6+IF(Parameters!$K$6=0,Parameters!$E$6*($A20-2024),Parameters!$E$6*((1+Parameters!$K$6)^($A20-2024)-1)/Parameters!$K$6),Parameters!$G$6) -> 7.9776 | L20: =MAX(J20-J19,0) -> 0.68913199 | M20: =MAX(K20-K19,0) -> 0.2376 | N20: =Parameters!$D$7+(Parameters!$G$7-Parameters!$D$7)*((1/(1+EXP(-Parameters!$I$7*($A20-Parameters!$J$7))))-(1/(1+EXP(-Parameters!$I$7*(2024-Parameters!$J$7)))))/(1-(1/(1+EXP(-Parameters!$I$7*(2024-Parameters!$J$7))))) -> 8.5572003 | O20: =MIN(Parameters!$D$7+IF(Parameters!$K$7=0,Parameters!$E$7*($A20-2024),Parameters!$E$7*((1+Parameters!$K$7)^($A20-2024)-1)/Parameters!$K$7),Parameters!$G$7) -> 7.318 | P20: =MAX(N20-N19,0) -> 0.67108193 | Q20: =MAX(O20-O19,0) -> 0 | R20: =Parameters!$D$8+(Parameters!$G$8-Parameters!$D$8)*((1/(1+EXP(-Parameters!$I$8*($A20-Parameters!$J$8))))-(1/(1+EXP(-Parameters!$I$8*(2024-Parameters!$J$8)))))/(1-(1/(1+EXP(-Parameters!$I$8*(2024-Parameters!$J$8))))) -> 9.4679558 | S20: =MIN(Parameters!$D$8+IF(Parameters!$K$8=0,Parameters!$E$8*($A20-2024),Parameters!$E$8*((1+Parameters!$K$8)^($A20-2024)-1)/Parameters!$K$8),Parameters!$G$8) -> 10.1338 | T20: =MAX(R20-R19,0) -> 0.99402645 | U20: =MAX(S20-S19,0) -> 1.3038 | V20: =Parameters!$D$9+(Parameters!$G$9-Parameters!$D$9)*((1/(1+EXP(-Parameters!$I$9*($A20-Parameters!$J$9))))-(1/(1+EXP(-Parameters!$I$9*(2024-Parameters!$J$9)))))/(1-(1/(1+EXP(-Parameters!$I$9*(2024-Parameters!$J$9))))) -> 6.0432167 | W20: =MIN(Parameters!$D$9+IF(Parameters!$K$9=0,Parameters!$E$9*($A20-2024),Parameters!$E$9*((1+Parameters!$K$9)^($A20-2024)-1)/Parameters!$K$9),Parameters!$G$9) -> 5.80056 | X20: =MAX(V20-V19,0) -> 0.69825965 | Y20: =MAX(W20-W19,0) -> 0.55756 | Z20: =Parameters!$D$10+(Parameters!$G$10-Parameters!$D$10)*((1/(1+EXP(-Parameters!$I$10*($A20-Parameters!$J$10))))-(1/(1+EXP(-Parameters!$I$10*(2024-Parameters!$J$10)))))/(1-(1/(1+EXP(-Parameters!$I$10*(2024-Parameters!$J$10))))) -> 2.1168897 | AA20: =MIN(Parameters!$D$10+IF(Parameters!$K$10=0,Parameters!$E$10*($A20-2024),Parameters!$E$10*((1+Parameters!$K$10)^($A20-2024)-1)/Parameters!$K$10),Parameters!$G$10) -> 2.19807 | AB20: =MAX(Z20-Z19,0) -> 0.20153999 | AC20: =MAX(AA20-AA19,0) -> 0.23647 | AD20: =Parameters!$D$11+(Parameters!$G$11-Parameters!$D$11)*((1/(1+EXP(-Parameters!$I$11*($A20-Parameters!$J$11))))-(1/(1+EXP(-Parameters!$I$11*(2024-Parameters!$J$11)))))/(1-(1/(1+EXP(-Parameters!$I$11*(2024-Parameters!$J$11))))) -> 5.271606 | AE20: =MIN(Parameters!$D$11+IF(Parameters!$K$11=0,Parameters!$E$11*($A20-2024),Parameters!$E$11*((1+Parameters!$K$11)^($A20-2024)-1)/Parameters!$K$11),Parameters!$G$11) -> 5.02688 | AF20: =MAX(AD20-AD19,0) -> 0.50247666 | AG20: =MAX(AE20-AE19,0) -> 0.36358 | AH20: =Parameters!$D$12+(Parameters!$G$12-Parameters!$D$12)*((1/(1+EXP(-Parameters!$I$12*($A20-Parameters!$J$12))))-(1/(1+EXP(-Parameters!$I$12*(2024-Parameters!$J$12)))))/(1-(1/(1+EXP(-Parameters!$I$12*(2024-Parameters!$J$12))))) -> 2.4381432 | AI20: =MIN(Parameters!$D$12+IF(Parameters!$K$12=0,Parameters!$E$12*($A20-2024),Parameters!$E$12*((1+Parameters!$K$12)^($A20-2024)-1)/Parameters!$K$12),Parameters!$G$12) -> 2.2409 | AJ20: =MAX(AH20-AH19,0) -> 0.56453446 | AK20: =MAX(AI20-AI19,0) -> 0.4444 | AL20: =Parameters!$D$13+(Parameters!$G$13-Parameters!$D$13)*((1/(1+EXP(-Parameters!$I$13*($A20-Parameters!$J$13))))-(1/(1+EXP(-Parameters!$I$13*(2024-Parameters!$J$13)))))/(1-(1/(1+EXP(-Parameters!$I$13*(2024-Parameters!$J$13))))) -> 0.39779798 | AM20: =MIN(Parameters!$D$13+IF(Parameters!$K$13=0,Parameters!$E$13*($A20-2024),Parameters!$E$13*((1+Parameters!$K$13)^($A20-2024)-1)/Parameters!$K$13),Parameters!$G$13) -> 0.0443 | AN20: =MAX(AL20-AL19,0) -> 0.19710044 | AO20: =MAX(AM20-AM19,0) -> 0.0055 | AP20: =Parameters!$D$14+(Parameters!$G$14-Parameters!$D$14)*((1/(1+EXP(-Parameters!$I$14*($A20-Parameters!$J$14))))-(1/(1+EXP(-Parameters!$I$14*(2024-Parameters!$J$14)))))/(1-(1/(1+EXP(-Parameters!$I$14*(2024-Parameters!$J$14))))) -> 0.80176571 | AQ20: =MIN(Parameters!$D$14+IF(Parameters!$K$14=0,Parameters!$E$14*($A20-2024),Parameters!$E$14*((1+Parameters!$K$14)^($A20-2024)-1)/Parameters!$K$14),Parameters!$G$14) -> 0.6642 | AR20: =MAX(AP20-AP19,0) -> 0.14678902 | AS20: =MAX(AQ20-AQ19,0) -> 0.0715 | AT20: =Parameters!$D$15+(Parameters!$G$15-Parameters!$D$15)*((1/(1+EXP(-Parameters!$I$15*($A20-Parameters!$J$15))))-(1/(1+EXP(-Parameters!$I$15*(2024-Parameters!$J$15)))))/(1-(1/(1+EXP(-Parameters!$I$15*(2024-Parameters!$J$15))))) -> 1.3737771 | AU20: =MIN(Parameters!$D$15+IF(Parameters!$K$15=0,Parameters!$E$15*($A20-2024),Parameters!$E$15*((1+Parameters!$K$15)^($A20-2024)-1)/Parameters!$K$15),Parameters!$G$15) -> 1.66446 | AV20: =MAX(AT20-AT19,0) -> 0.1178286 | AW20: =MAX(AU20-AU19,0) -> 0.26676
A21: 2027 | B21: =Parameters!$D$4+(Parameters!$G$4-Parameters!$D$4)*((1/(1+EXP(-Parameters!$I$4*($A21-Parameters!$J$4))))-(1/(1+EXP(-Parameters!$I$4*(2024-Parameters!$J$4)))))/(1-(1/(1+EXP(-Parameters!$I$4*(2024-Parameters!$J$4))))) -> 23.265547 | C21: =MIN(Parameters!$D$4+IF(Parameters!$K$4=0,Parameters!$E$4*($A21-2024),Parameters!$E$4*((1+Parameters!$K$4)^($A21-2024)-1)/Parameters!$K$4),Parameters!$G$4) -> 28.825024 | D21: =MAX(B21-B20,0) -> 2.5001058 | E21: =MAX(C21-C20,0) -> 4.314624 | F21: =Parameters!$D$5+(Parameters!$G$5-Parameters!$D$5)*((1/(1+EXP(-Parameters!$I$5*($A21-Parameters!$J$5))))-(1/(1+EXP(-Parameters!$I$5*(2024-Parameters!$J$5)))))/(1-(1/(1+EXP(-Parameters!$I$5*(2024-Parameters!$J$5))))) -> 41.28845 | G21: =MIN(Parameters!$D$5+IF(Parameters!$K$5=0,Parameters!$E$5*($A21-2024),Parameters!$E$5*((1+Parameters!$K$5)^($A21-2024)-1)/Parameters!$K$5),Parameters!$G$5) -> 44.3578 | H21: =MAX(F21-F20,0) -> 3.3598523 | I21: =MAX(G21-G20,0) -> 4.3218 | J21: =Parameters!$D$6+(Parameters!$G$6-Parameters!$D$6)*((1/(1+EXP(-Parameters!$I$6*($A21-Parameters!$J$6))))-(1/(1+EXP(-Parameters!$I$6*(2024-Parameters!$J$6)))))/(1-(1/(1+EXP(-Parameters!$I$6*(2024-Parameters!$J$6))))) -> 9.5987703 | K21: =MIN(Parameters!$D$6+IF(Parameters!$K$6=0,Parameters!$E$6*($A21-2024),Parameters!$E$6*((1+Parameters!$K$6)^($A21-2024)-1)/Parameters!$K$6),Parameters!$G$6) -> 8.234208 | L21: =MAX(J21-J20,0) -> 0.80234487 | M21: =MAX(K21-K20,0) -> 0.256608 | N21: =Parameters!$D$7+(Parameters!$G$7-Parameters!$D$7)*((1/(1+EXP(-Parameters!$I$7*($A21-Parameters!$J$7))))-(1/(1+EXP(-Parameters!$I$7*(2024-Parameters!$J$7)))))/(1-(1/(1+EXP(-Parameters!$I$7*(2024-Parameters!$J$7))))) -> 9.3446499 | O21: =MIN(Parameters!$D$7+IF(Parameters!$K$7=0,Parameters!$E$7*($A21-2024),Parameters!$E$7*((1+Parameters!$K$7)^($A21-2024)-1)/Parameters!$K$7),Parameters!$G$7) -> 7.318 | P21: =MAX(N21-N20,0) -> 0.7874496 | Q21: =MAX(O21-O20,0) -> 0 | R21: =Parameters!$D$8+(Parameters!$G$8-Parameters!$D$8)*((1/(1+EXP(-Parameters!$I$8*($A21-Parameters!$J$8))))-(1/(1+EXP(-Parameters!$I$8*(2024-Parameters!$J$8)))))/(1-(1/(1+EXP(-Parameters!$I$8*(2024-Parameters!$J$8))))) -> 10.589106 | S21: =MIN(Parameters!$D$8+IF(Parameters!$K$8=0,Parameters!$E$8*($A21-2024),Parameters!$E$8*((1+Parameters!$K$8)^($A21-2024)-1)/Parameters!$K$8),Parameters!$G$8) -> 11.515828 | T21: =MAX(R21-R20,0) -> 1.1211506 | U21: =MAX(S21-S20,0) -> 1.382028 | V21: =Parameters!$D$9+(Parameters!$G$9-Parameters!$D$9)*((1/(1+EXP(-Parameters!$I$9*($A21-Parameters!$J$9))))-(1/(1+EXP(-Parameters!$I$9*(2024-Parameters!$J$9)))))/(1-(1/(1+EXP(-Parameters!$I$9*(2024-Parameters!$J$9))))) -> 6.8138142 | W21: =MIN(Parameters!$D$9+IF(Parameters!$K$9=0,Parameters!$E$9*($A21-2024),Parameters!$E$9*((1+Parameters!$K$9)^($A21-2024)-1)/Parameters!$K$9),Parameters!$G$9) -> 6.3915736 | X21: =MAX(V21-V20,0) -> 0.77059753 | Y21: =MAX(W21-W20,0) -> 0.5910136 | Z21: =Parameters!$D$10+(Parameters!$G$10-Parameters!$D$10)*((1/(1+EXP(-Parameters!$I$10*($A21-Parameters!$J$10))))-(1/(1+EXP(-Parameters!$I$10*(2024-Parameters!$J$10)))))/(1-(1/(1+EXP(-Parameters!$I$10*(2024-Parameters!$J$10))))) -> 2.3478293 | AA21: =MIN(Parameters!$D$10+IF(Parameters!$K$10=0,Parameters!$E$10*($A21-2024),Parameters!$E$10*((1+Parameters!$K$10)^($A21-2024)-1)/Parameters!$K$10),Parameters!$G$10) -> 2.4510929 | AB21: =MAX(Z21-Z20,0) -> 0.23093959 | AC21: =MAX(AA21-AA20,0) -> 0.2530229 | AD21: =Parameters!$D$11+(Parameters!$G$11-Parameters!$D$11)*((1/(1+EXP(-Parameters!$I$11*($A21-Parameters!$J$11))))-(1/(1+EXP(-Parameters!$I$11*(2024-Parameters!$J$11)))))/(1-(1/(1+EXP(-Parameters!$I$11*(2024-Parameters!$J$11))))) -> 5.8303372 | AE21: =MIN(Parameters!$D$11+IF(Parameters!$K$11=0,Parameters!$E$11*($A21-2024),Parameters!$E$11*((1+Parameters!$K$11)^($A21-2024)-1)/Parameters!$K$11),Parameters!$G$11) -> 5.4122748 | AF21: =MAX(AD21-AD20,0) -> 0.55873119 | AG21: =MAX(AE21-AE20,0) -> 0.3853948 | AH21: =Parameters!$D$12+(Parameters!$G$12-Parameters!$D$12)*((1/(1+EXP(-Parameters!$I$12*($A21-Parameters!$J$12))))-(1/(1+EXP(-Parameters!$I$12*(2024-Parameters!$J$12)))))/(1-(1/(1+EXP(-Parameters!$I$12*(2024-Parameters!$J$12))))) -> 3.0954212 | AI21: =MIN(Parameters!$D$12+IF(Parameters!$K$12=0,Parameters!$E$12*($A21-2024),Parameters!$E$12*((1+Parameters!$K$12)^($A21-2024)-1)/Parameters!$K$12),Parameters!$G$12) -> 2.72974 | AJ21: =MAX(AH21-AH20,0) -> 0.65727805 | AK21: =MAX(AI21-AI20,0) -> 0.48884 | AL21: =Parameters!$D$13+(Parameters!$G$13-Parameters!$D$13)*((1/(1+EXP(-Parameters!$I$13*($A21-Parameters!$J$13))))-(1/(1+EXP(-Parameters!$I$13*(2024-Parameters!$J$13)))))/(1-(1/(1+EXP(-Parameters!$I$13*(2024-Parameters!$J$13))))) -> 0.62796658 | AM21: =MIN(Parameters!$D$13+IF(Parameters!$K$13=0,Parameters!$E$13*($A21-2024),Parameters!$E$13*((1+Parameters!$K$13)^($A21-2024)-1)/Parameters!$K$13),Parameters!$G$13) -> 0.05035 | AN21: =MAX(AL21-AL20,0) -> 0.2301686 | AO21: =MAX(AM21-AM20,0) -> 0.00605 | AP21: =Parameters!$D$14+(Parameters!$G$14-Parameters!$D$14)*((1/(1+EXP(-Parameters!$I$14*($A21-Parameters!$J$14))))-(1/(1+EXP(-Parameters!$I$14*(2024-Parameters!$J$14)))))/(1-(1/(1+EXP(-Parameters!$I$14*(2024-Parameters!$J$14))))) -> 0.96996754 | AQ21: =MIN(Parameters!$D$14+IF(Parameters!$K$14=0,Parameters!$E$14*($A21-2024),Parameters!$E$14*((1+Parameters!$K$14)^($A21-2024)-1)/Parameters!$K$14),Parameters!$G$14) -> 0.74285 | AR21: =MAX(AP21-AP20,0) -> 0.16820183 | AS21: =MAX(AQ21-AQ20,0) -> 0.07865 | AT21: =Parameters!$D$15+(Parameters!$G$15-Parameters!$D$15)*((1/(1+EXP(-Parameters!$I$15*($A21-Parameters!$J$15))))-(1/(1+EXP(-Parameters!$I$15*(2024-Parameters!$J$15)))))/(1-(1/(1+EXP(-Parameters!$I$15*(2024-Parameters!$J$15))))) -> 1.5047972 | AU21: =MIN(Parameters!$D$15+IF(Parameters!$K$15=0,Parameters!$E$15*($A21-2024),Parameters!$E$15*((1+Parameters!$K$15)^($A21-2024)-1)/Parameters!$K$15),Parameters!$G$15) -> 1.9525608 | AV21: =MAX(AT21-AT20,0) -> 0.13102004 | AW21: =MAX(AU21-AU20,0) -> 0.2881008
A22: 2028 | B22: =Parameters!$D$4+(Parameters!$G$4-Parameters!$D$4)*((1/(1+EXP(-Parameters!$I$4*($A22-Parameters!$J$4))))-(1/(1+EXP(-Parameters!$I$4*(2024-Parameters!$J$4)))))/(1-(1/(1+EXP(-Parameters!$I$4*(2024-Parameters!$J$4))))) -> 26.058757 | C22: =MIN(Parameters!$D$4+IF(Parameters!$K$4=0,Parameters!$E$4*($A22-2024),Parameters!$E$4*((1+Parameters!$K$4)^($A22-2024)-1)/Parameters!$K$4),Parameters!$G$4) -> 33.398525 | D22: =MAX(B22-B21,0) -> 2.7932095 | E22: =MAX(C22-C21,0) -> 4.5735014 | F22: =Parameters!$D$5+(Parameters!$G$5-Parameters!$D$5)*((1/(1+EXP(-Parameters!$I$5*($A22-Parameters!$J$5))))-(1/(1+EXP(-Parameters!$I$5*(2024-Parameters!$J$5)))))/(1-(1/(1+EXP(-Parameters!$I$5*(2024-Parameters!$J$5))))) -> 44.896524 | G22: =MIN(Parameters!$D$5+IF(Parameters!$K$5=0,Parameters!$E$5*($A22-2024),Parameters!$E$5*((1+Parameters!$K$5)^($A22-2024)-1)/Parameters!$K$5),Parameters!$G$5) -> 48.89569 | H22: =MAX(F22-F21,0) -> 3.6080744 | I22: =MAX(G22-G21,0) -> 4.53789 | J22: =Parameters!$D$6+(Parameters!$G$6-Parameters!$D$6)*((1/(1+EXP(-Parameters!$I$6*($A22-Parameters!$J$6))))-(1/(1+EXP(-Parameters!$I$6*(2024-Parameters!$J$6)))))/(1-(1/(1+EXP(-Parameters!$I$6*(2024-Parameters!$J$6))))) -> 10.524485 | K22: =MIN(Parameters!$D$6+IF(Parameters!$K$6=0,Parameters!$E$6*($A22-2024),Parameters!$E$6*((1+Parameters!$K$6)^($A22-2024)-1)/Parameters!$K$6),Parameters!$G$6) -> 8.5113446 | L22: =MAX(J22-J21,0) -> 0.92571443 | M22: =MAX(K22-K21,0) -> 0.27713664 | N22: =Parameters!$D$7+(Parameters!$G$7-Parameters!$D$7)*((1/(1+EXP(-Parameters!$I$7*($A22-Parameters!$J$7))))-(1/(1+EXP(-Parameters!$I$7*(2024-Parameters!$J$7)))))/(1-(1/(1+EXP(-Parameters!$I$7*(2024-Parameters!$J$7))))) -> 10.261464 | O22: =MIN(Parameters!$D$7+IF(Parameters!$K$7=0,Parameters!$E$7*($A22-2024),Parameters!$E$7*((1+Parameters!$K$7)^($A22-2024)-1)/Parameters!$K$7),Parameters!$G$7) -> 7.318 | P22: =MAX(N22-N21,0) -> 0.91681442 | Q22: =MAX(O22-O21,0) -> 0 | R22: =Parameters!$D$8+(Parameters!$G$8-Parameters!$D$8)*((1/(1+EXP(-Parameters!$I$8*($A22-Parameters!$J$8))))-(1/(1+EXP(-Parameters!$I$8*(2024-Parameters!$J$8)))))/(1-(1/(1+EXP(-Parameters!$I$8*(2024-Parameters!$J$8))))) -> 11.841697 | S22: =MIN(Parameters!$D$8+IF(Parameters!$K$8=0,Parameters!$E$8*($A22-2024),Parameters!$E$8*((1+Parameters!$K$8)^($A22-2024)-1)/Parameters!$K$8),Parameters!$G$8) -> 12.980778 | T22: =MAX(R22-R21,0) -> 1.2525903 | U22: =MAX(S22-S21,0) -> 1.4649497 | V22: =Parameters!$D$9+(Parameters!$G$9-Parameters!$D$9)*((1/(1+EXP(-Parameters!$I$9*($A22-Parameters!$J$9))))-(1/(1+EXP(-Parameters!$I$9*(2024-Parameters!$J$9)))))/(1-(1/(1+EXP(-Parameters!$I$9*(2024-Parameters!$J$9))))) -> 7.6571954 | W22: =MIN(Parameters!$D$9+IF(Parameters!$K$9=0,Parameters!$E$9*($A22-2024),Parameters!$E$9*((1+Parameters!$K$9)^($A22-2024)-1)/Parameters!$K$9),Parameters!$G$9) -> 7.018048 | X22: =MAX(V22-V21,0) -> 0.84338119 | Y22: =MAX(W22-W21,0) -> 0.62647442 | Z22: =Parameters!$D$10+(Parameters!$G$10-Parameters!$D$10)*((1/(1+EXP(-Parameters!$I$10*($A22-Parameters!$J$10))))-(1/(1+EXP(-Parameters!$I$10*(2024-Parameters!$J$10)))))/(1-(1/(1+EXP(-Parameters!$I$10*(2024-Parameters!$J$10))))) -> 2.6105051 | AA22: =MIN(Parameters!$D$10+IF(Parameters!$K$10=0,Parameters!$E$10*($A22-2024),Parameters!$E$10*((1+Parameters!$K$10)^($A22-2024)-1)/Parameters!$K$10),Parameters!$G$10) -> 2.7218274 | AB22: =MAX(Z22-Z21,0) -> 0.26267575 | AC22: =MAX(AA22-AA21,0) -> 0.2707345 | AD22: =Parameters!$D$11+(Parameters!$G$11-Parameters!$D$11)*((1/(1+EXP(-Parameters!$I$11*($A22-Parameters!$J$11))))-(1/(1+EXP(-Parameters!$I$11*(2024-Parameters!$J$11)))))/(1-(1/(1+EXP(-Parameters!$I$11*(2024-Parameters!$J$11))))) -> 6.4469515 | AE22: =MIN(Parameters!$D$11+IF(Parameters!$K$11=0,Parameters!$E$11*($A22-2024),Parameters!$E$11*((1+Parameters!$K$11)^($A22-2024)-1)/Parameters!$K$11),Parameters!$G$11) -> 5.8207933 | AF22: =MAX(AD22-AD21,0) -> 0.61661428 | AG22: =MAX(AE22-AE21,0) -> 0.40851849 | AH22: =Parameters!$D$12+(Parameters!$G$12-Parameters!$D$12)*((1/(1+EXP(-Parameters!$I$12*($A22-Parameters!$J$12))))-(1/(1+EXP(-Parameters!$I$12*(2024-Parameters!$J$12)))))/(1-(1/(1+EXP(-Parameters!$I$12*(2024-Parameters!$J$12))))) -> 3.8537632 | AI22: =MIN(Parameters!$D$12+IF(Parameters!$K$12=0,Parameters!$E$12*($A22-2024),Parameters!$E$12*((1+Parameters!$K$12)^($A22-2024)-1)/Parameters!$K$12),Parameters!$G$12) -> 3.267464 | AJ22: =MAX(AH22-AH21,0) -> 0.75834195 | AK22: =MAX(AI22-AI21,0) -> 0.537724 | AL22: =Parameters!$D$13+(Parameters!$G$13-Parameters!$D$13)*((1/(1+EXP(-Parameters!$I$13*($A22-Parameters!$J$13))))-(1/(1+EXP(-Parameters!$I$13*(2024-Parameters!$J$13)))))/(1-(1/(1+EXP(-Parameters!$I$13*(2024-Parameters!$J$13))))) -> 0.89325122 | AM22: =MIN(Parameters!$D$13+IF(Parameters!$K$13=0,Parameters!$E$13*($A22-2024),Parameters!$E$13*((1+Parameters!$K$13)^($A22-2024)-1)/Parameters!$K$13),Parameters!$G$13) -> 0.057005 | AN22: =MAX(AL22-AL21,0) -> 0.26528464 | AO22: =MAX(AM22-AM21,0) -> 0.006655 | AP22: =Parameters!$D$14+(Parameters!$G$14-Parameters!$D$14)*((1/(1+EXP(-Parameters!$I$14*($A22-Parameters!$J$14))))-(1/(1+EXP(-Parameters!$I$14*(2024-Parameters!$J$14)))))/(1-(1/(1+EXP(-Parameters!$I$14*(2024-Parameters!$J$14))))) -> 1.161284 | AQ22: =MIN(Parameters!$D$14+IF(Parameters!$K$14=0,Parameters!$E$14*($A22-2024),Parameters!$E$14*((1+Parameters!$K$14)^($A22-2024)-1)/Parameters!$K$14),Parameters!$G$14) -> 0.829365 | AR22: =MAX(AP22-AP21,0) -> 0.19131645 | AS22: =MAX(AQ22-AQ21,0) -> 0.086515 | AT22: =Parameters!$D$15+(Parameters!$G$15-Parameters!$D$15)*((1/(1+EXP(-Parameters!$I$15*($A22-Parameters!$J$15))))-(1/(1+EXP(-Parameters!$I$15*(2024-Parameters!$J$15)))))/(1-(1/(1+EXP(-Parameters!$I$15*(2024-Parameters!$J$15))))) -> 1.6493906 | AU22: =MIN(Parameters!$D$15+IF(Parameters!$K$15=0,Parameters!$E$15*($A22-2024),Parameters!$E$15*((1+Parameters!$K$15)^($A22-2024)-1)/Parameters!$K$15),Parameters!$G$15) -> 2.2637097 | AV22: =MAX(AT22-AT21,0) -> 0.14459338 | AW22: =MAX(AU22-AU21,0) -> 0.31114886
A23: 2029 | B23: =Parameters!$D$4+(Parameters!$G$4-Parameters!$D$4)*((1/(1+EXP(-Parameters!$I$4*($A23-Parameters!$J$4))))-(1/(1+EXP(-Parameters!$I$4*(2024-Parameters!$J$4)))))/(1-(1/(1+EXP(-Parameters!$I$4*(2024-Parameters!$J$4))))) -> 29.146543 | C23: =MIN(Parameters!$D$4+IF(Parameters!$K$4=0,Parameters!$E$4*($A23-2024),Parameters!$E$4*((1+Parameters!$K$4)^($A23-2024)-1)/Parameters!$K$4),Parameters!$G$4) -> 38.246437 | D23: =MAX(B23-B22,0) -> 3.0877858 | E23: =MAX(C23-C22,0) -> 4.8479115 | F23: =Parameters!$D$5+(Parameters!$G$5-Parameters!$D$5)*((1/(1+EXP(-Parameters!$I$5*($A23-Parameters!$J$5))))-(1/(1+EXP(-Parameters!$I$5*(2024-Parameters!$J$5)))))/(1-(1/(1+EXP(-Parameters!$I$5*(2024-Parameters!$J$5))))) -> 48.73032 | G23: =MIN(Parameters!$D$5+IF(Parameters!$K$5=0,Parameters!$E$5*($A23-2024),Parameters!$E$5*((1+Parameters!$K$5)^($A23-2024)-1)/Parameters!$K$5),Parameters!$G$5) -> 53.660475 | H23: =MAX(F23-F22,0) -> 3.8337955 | I23: =MAX(G23-G22,0) -> 4.7647845 | J23: =Parameters!$D$6+(Parameters!$G$6-Parameters!$D$6)*((1/(1+EXP(-Parameters!$I$6*($A23-Parameters!$J$6))))-(1/(1+EXP(-Parameters!$I$6*(2024-Parameters!$J$6)))))/(1-(1/(1+EXP(-Parameters!$I$6*(2024-Parameters!$J$6))))) -> 11.581417 | K23: =MIN(Parameters!$D$6+IF(Parameters!$K$6=0,Parameters!$E$6*($A23-2024),Parameters!$E$6*((1+Parameters!$K$6)^($A23-2024)-1)/Parameters!$K$6),Parameters!$G$6) -> 8.8106522 | L23: =MAX(J23-J22,0) -> 1.0569324 | M23: =MAX(K23-K22,0) -> 0.29930757 | N23: =Parameters!$D$7+(Parameters!$G$7-Parameters!$D$7)*((1/(1+EXP(-Parameters!$I$7*($A23-Parameters!$J$7))))-(1/(1+EXP(-Parameters!$I$7*(2024-Parameters!$J$7)))))/(1-(1/(1+EXP(-Parameters!$I$7*(2024-Parameters!$J$7))))) -> 11.319249 | O23: =MIN(Parameters!$D$7+IF(Parameters!$K$7=0,Parameters!$E$7*($A23-2024),Parameters!$E$7*((1+Parameters!$K$7)^($A23-2024)-1)/Parameters!$K$7),Parameters!$G$7) -> 7.318 | P23: =MAX(N23-N22,0) -> 1.057785 | Q23: =MAX(O23-O22,0) -> 0 | R23: =Parameters!$D$8+(Parameters!$G$8-Parameters!$D$8)*((1/(1+EXP(-Parameters!$I$8*($A23-Parameters!$J$8))))-(1/(1+EXP(-Parameters!$I$8*(2024-Parameters!$J$8)))))/(1-(1/(1+EXP(-Parameters!$I$8*(2024-Parameters!$J$8))))) -> 13.226387 | S23: =MIN(Parameters!$D$8+IF(Parameters!$K$8=0,Parameters!$E$8*($A23-2024),Parameters!$E$8*((1+Parameters!$K$8)^($A23-2024)-1)/Parameters!$K$8),Parameters!$G$8) -> 14.533624 | T23: =MAX(R23-R22,0) -> 1.3846905 | U23: =MAX(S23-S22,0) -> 1.5528467 | V23: =Parameters!$D$9+(Parameters!$G$9-Parameters!$D$9)*((1/(1+EXP(-Parameters!$I$9*($A23-Parameters!$J$9))))-(1/(1+EXP(-Parameters!$I$9*(2024-Parameters!$J$9)))))/(1-(1/(1+EXP(-Parameters!$I$9*(2024-Parameters!$J$9))))) -> 8.5718687 | W23: =MIN(Parameters!$D$9+IF(Parameters!$K$9=0,Parameters!$E$9*($A23-2024),Parameters!$E$9*((1+Parameters!$K$9)^($A23-2024)-1)/Parameters!$K$9),Parameters!$G$9) -> 7.6821109 | X23: =MAX(V23-V22,0) -> 0.91467333 | Y23: =MAX(W23-W22,0) -> 0.66406288 | Z23: =Parameters!$D$10+(Parameters!$G$10-Parameters!$D$10)*((1/(1+EXP(-Parameters!$I$10*($A23-Parameters!$J$10))))-(1/(1+EXP(-Parameters!$I$10*(2024-Parameters!$J$10)))))/(1-(1/(1+EXP(-Parameters!$I$10*(2024-Parameters!$J$10))))) -> 2.9067739 | AA23: =MIN(Parameters!$D$10+IF(Parameters!$K$10=0,Parameters!$E$10*($A23-2024),Parameters!$E$10*((1+Parameters!$K$10)^($A23-2024)-1)/Parameters!$K$10),Parameters!$G$10) -> 3.0115133 | AB23: =MAX(Z23-Z22,0) -> 0.29626884 | AC23: =MAX(AA23-AA22,0) -> 0.28968592 | AD23: =Parameters!$D$11+(Parameters!$G$11-Parameters!$D$11)*((1/(1+EXP(-Parameters!$I$11*($A23-Parameters!$J$11))))-(1/(1+EXP(-Parameters!$I$11*(2024-Parameters!$J$11)))))/(1-(1/(1+EXP(-Parameters!$I$11*(2024-Parameters!$J$11))))) -> 7.1218056 | AE23: =MIN(Parameters!$D$11+IF(Parameters!$K$11=0,Parameters!$E$11*($A23-2024),Parameters!$E$11*((1+Parameters!$K$11)^($A23-2024)-1)/Parameters!$K$11),Parameters!$G$11) -> 6.2538229 | AF23: =MAX(AD23-AD22,0) -> 0.67485408 | AG23: =MAX(AE23-AE22,0) -> 0.4330296 | AH23: =Parameters!$D$12+(Parameters!$G$12-Parameters!$D$12)*((1/(1+EXP(-Parameters!$I$12*($A23-Parameters!$J$12))))-(1/(1+EXP(-Parameters!$I$12*(2024-Parameters!$J$12)))))/(1-(1/(1+EXP(-Parameters!$I$12*(2024-Parameters!$J$12))))) -> 4.7195984 | AI23: =MIN(Parameters!$D$12+IF(Parameters!$K$12=0,Parameters!$E$12*($A23-2024),Parameters!$E$12*((1+Parameters!$K$12)^($A23-2024)-1)/Parameters!$K$12),Parameters!$G$12) -> 3.8589604 | AJ23: =MAX(AH23-AH22,0) -> 0.86583522 | AK23: =MAX(AI23-AI22,0) -> 0.5914964 | AL23: =Parameters!$D$13+(Parameters!$G$13-Parameters!$D$13)*((1/(1+EXP(-Parameters!$I$13*($A23-Parameters!$J$13))))-(1/(1+EXP(-Parameters!$I$13*(2024-Parameters!$J$13)))))/(1-(1/(1+EXP(-Parameters!$I$13*(2024-Parameters!$J$13))))) -> 1.1944296 | AM23: =MIN(Parameters!$D$13+IF(Parameters!$K$13=0,Parameters!$E$13*($A23-2024),Parameters!$E$13*((1+Parameters!$K$13)^($A23-2024)-1)/Parameters!$K$13),Parameters!$G$13) -> 0.0643255 | AN23: =MAX(AL23-AL22,0) -> 0.30117834 | AO23: =MAX(AM23-AM22,0) -> 0.0073205 | AP23: =Parameters!$D$14+(Parameters!$G$14-Parameters!$D$14)*((1/(1+EXP(-Parameters!$I$14*($A23-Parameters!$J$14))))-(1/(1+EXP(-Parameters!$I$14*(2024-Parameters!$J$14)))))/(1-(1/(1+EXP(-Parameters!$I$14*(2024-Parameters!$J$14))))) -> 1.3770675 | AQ23: =MIN(Parameters!$D$14+IF(Parameters!$K$14=0,Parameters!$E$14*($A23-2024),Parameters!$E$14*((1+Parameters!$K$14)^($A23-2024)-1)/Parameters!$K$14),Parameters!$G$14) -> 0.9245315 | AR23: =MAX(AP23-AP22,0) -> 0.21578354 | AS23: =MAX(AQ23-AQ22,0) -> 0.0951665 | AT23: =Parameters!$D$15+(Parameters!$G$15-Parameters!$D$15)*((1/(1+EXP(-Parameters!$I$15*($A23-Parameters!$J$15))))-(1/(1+EXP(-Parameters!$I$15*(2024-Parameters!$J$15)))))/(1-(1/(1+EXP(-Parameters!$I$15*(2024-Parameters!$J$15))))) -> 1.8076409 | AU23: =MIN(Parameters!$D$15+IF(Parameters!$K$15=0,Parameters!$E$15*($A23-2024),Parameters!$E$15*((1+Parameters!$K$15)^($A23-2024)-1)/Parameters!$K$15),Parameters!$G$15) -> 2.5997504 | AV23: =MAX(AT23-AT22,0) -> 0.15825036 | AW23: =MAX(AU23-AU22,0) -> 0.33604077
A24: 2030 | B24: =Parameters!$D$4+(Parameters!$G$4-Parameters!$D$4)*((1/(1+EXP(-Parameters!$I$4*($A24-Parameters!$J$4))))-(1/(1+EXP(-Parameters!$I$4*(2024-Parameters!$J$4)))))/(1-(1/(1+EXP(-Parameters!$I$4*(2024-Parameters!$J$4))))) -> 32.520246 | C24: =MIN(Parameters!$D$4+IF(Parameters!$K$4=0,Parameters!$E$4*($A24-2024),Parameters!$E$4*((1+Parameters!$K$4)^($A24-2024)-1)/Parameters!$K$4),Parameters!$G$4) -> 43.385223 | D24: =MAX(B24-B23,0) -> 3.3737035 | E24: =MAX(C24-C23,0) -> 5.1387862 | F24: =Parameters!$D$5+(Parameters!$G$5-Parameters!$D$5)*((1/(1+EXP(-Parameters!$I$5*($A24-Parameters!$J$5))))-(1/(1+EXP(-Parameters!$I$5*(2024-Parameters!$J$5)))))/(1-(1/(1+EXP(-Parameters!$I$5*(2024-Parameters!$J$5))))) -> 52.758365 | G24: =MIN(Parameters!$D$5+IF(Parameters!$K$5=0,Parameters!$E$5*($A24-2024),Parameters!$E$5*((1+Parameters!$K$5)^($A24-2024)-1)/Parameters!$K$5),Parameters!$G$5) -> 58.663498 | H24: =MAX(F24-F23,0) -> 4.0280448 | I24: =MAX(G24-G23,0) -> 5.0030237 | J24: =Parameters!$D$6+(Parameters!$G$6-Parameters!$D$6)*((1/(1+EXP(-Parameters!$I$6*($A24-Parameters!$J$6))))-(1/(1+EXP(-Parameters!$I$6*(2024-Parameters!$J$6)))))/(1-(1/(1+EXP(-Parameters!$I$6*(2024-Parameters!$J$6))))) -> 12.773842 | K24: =MIN(Parameters!$D$6+IF(Parameters!$K$6=0,Parameters!$E$6*($A24-2024),Parameters!$E$6*((1+Parameters!$K$6)^($A24-2024)-1)/Parameters!$K$6),Parameters!$G$6) -> 9.1339044 | L24: =MAX(J24-J23,0) -> 1.1924249 | M24: =MAX(K24-K23,0) -> 0.32325218 | N24: =Parameters!$D$7+(Parameters!$G$7-Parameters!$D$7)*((1/(1+EXP(-Parameters!$I$7*($A24-Parameters!$J$7))))-(1/(1+EXP(-Parameters!$I$7*(2024-Parameters!$J$7)))))/(1-(1/(1+EXP(-Parameters!$I$7*(2024-Parameters!$J$7))))) -> 12.526973 | O24: =MIN(Parameters!$D$7+IF(Parameters!$K$7=0,Parameters!$E$7*($A24-2024),Parameters!$E$7*((1+Parameters!$K$7)^($A24-2024)-1)/Parameters!$K$7),Parameters!$G$7) -> 7.318 | P24: =MAX(N24-N23,0) -> 1.2077236 | Q24: =MAX(O24-O23,0) -> 0 | R24: =Parameters!$D$8+(Parameters!$G$8-Parameters!$D$8)*((1/(1+EXP(-Parameters!$I$8*($A24-Parameters!$J$8))))-(1/(1+EXP(-Parameters!$I$8*(2024-Parameters!$J$8)))))/(1-(1/(1+EXP(-Parameters!$I$8*(2024-Parameters!$J$8))))) -> 14.739295 | S24: =MIN(Parameters!$D$8+IF(Parameters!$K$8=0,Parameters!$E$8*($A24-2024),Parameters!$E$8*((1+Parameters!$K$8)^($A24-2024)-1)/Parameters!$K$8),Parameters!$G$8) -> 16.179642 | T24: =MAX(R24-R23,0) -> 1.5129078 | U24: =MAX(S24-S23,0) -> 1.6460175 | V24: =Parameters!$D$9+(Parameters!$G$9-Parameters!$D$9)*((1/(1+EXP(-Parameters!$I$9*($A24-Parameters!$J$9))))-(1/(1+EXP(-Parameters!$I$9*(2024-Parameters!$J$9)))))/(1-(1/(1+EXP(-Parameters!$I$9*(2024-Parameters!$J$9))))) -> 9.5541171 | W24: =MIN(Parameters!$D$9+IF(Parameters!$K$9=0,Parameters!$E$9*($A24-2024),Parameters!$E$9*((1+Parameters!$K$9)^($A24-2024)-1)/Parameters!$K$9),Parameters!$G$9) -> 8.3860176 | X24: =MAX(V24-V23,0) -> 0.98224836 | Y24: =MAX(W24-W23,0) -> 0.70390665 | Z24: =Parameters!$D$10+(Parameters!$G$10-Parameters!$D$10)*((1/(1+EXP(-Parameters!$I$10*($A24-Parameters!$J$10))))-(1/(1+EXP(-Parameters!$I$10*(2024-Parameters!$J$10)))))/(1-(1/(1+EXP(-Parameters!$I$10*(2024-Parameters!$J$10))))) -> 3.2377763 | AA24: =MIN(Parameters!$D$10+IF(Parameters!$K$10=0,Parameters!$E$10*($A24-2024),Parameters!$E$10*((1+Parameters!$K$10)^($A24-2024)-1)/Parameters!$K$10),Parameters!$G$10) -> 3.3214773 | AB24: =MAX(Z24-Z23,0) -> 0.33100236 | AC24: =MAX(AA24-AA23,0) -> 0.30996393 | AD24: =Parameters!$D$11+(Parameters!$G$11-Parameters!$D$11)*((1/(1+EXP(-Parameters!$I$11*($A24-Parameters!$J$11))))-(1/(1+EXP(-Parameters!$I$11*(2024-Parameters!$J$11)))))/(1-(1/(1+EXP(-Parameters!$I$11*(2024-Parameters!$J$11))))) -> 7.853706 | AE24: =MIN(Parameters!$D$11+IF(Parameters!$K$11=0,Parameters!$E$11*($A24-2024),Parameters!$E$11*((1+Parameters!$K$11)^($A24-2024)-1)/Parameters!$K$11),Parameters!$G$11) -> 6.7128343 | AF24: =MAX(AD24-AD23,0) -> 0.7319004 | AG24: =MAX(AE24-AE23,0) -> 0.45901137 | AH24: =Parameters!$D$12+(Parameters!$G$12-Parameters!$D$12)*((1/(1+EXP(-Parameters!$I$12*($A24-Parameters!$J$12))))-(1/(1+EXP(-Parameters!$I$12*(2024-Parameters!$J$12)))))/(1-(1/(1+EXP(-Parameters!$I$12*(2024-Parameters!$J$12))))) -> 5.6964287 | AI24: =MIN(Parameters!$D$12+IF(Parameters!$K$12=0,Parameters!$E$12*($A24-2024),Parameters!$E$12*((1+Parameters!$K$12)^($A24-2024)-1)/Parameters!$K$12),Parameters!$G$12) -> 4.5096064 | AJ24: =MAX(AH24-AH23,0) -> 0.97683024 | AK24: =MAX(AI24-AI23,0) -> 0.65064604 | AL24: =Parameters!$D$13+(Parameters!$G$13-Parameters!$D$13)*((1/(1+EXP(-Parameters!$I$13*($A24-Parameters!$J$13))))-(1/(1+EXP(-Parameters!$I$13*(2024-Parameters!$J$13)))))/(1-(1/(1+EXP(-Parameters!$I$13*(2024-Parameters!$J$13))))) -> 1.5305553 | AM24: =MIN(Parameters!$D$13+IF(Parameters!$K$13=0,Parameters!$E$13*($A24-2024),Parameters!$E$13*((1+Parameters!$K$13)^($A24-2024)-1)/Parameters!$K$13),Parameters!$G$13) -> 0.07237805 | AN24: =MAX(AL24-AL23,0) -> 0.33612569 | AO24: =MAX(AM24-AM23,0) -> 0.00805255 | AP24: =Parameters!$D$14+(Parameters!$G$14-Parameters!$D$14)*((1/(1+EXP(-Parameters!$I$14*($A24-Parameters!$J$14))))-(1/(1+EXP(-Parameters!$I$14*(2024-Parameters!$J$14)))))/(1-(1/(1+EXP(-Parameters!$I$14*(2024-Parameters!$J$14))))) -> 1.6181488 | AQ24: =MIN(Parameters!$D$14+IF(Parameters!$K$14=0,Parameters!$E$14*($A24-2024),Parameters!$E$14*((1+Parameters!$K$14)^($A24-2024)-1)/Parameters!$K$14),Parameters!$G$14) -> 1.0292147 | AR24: =MAX(AP24-AP23,0) -> 0.24108125 | AS24: =MAX(AQ24-AQ23,0) -> 0.10468315 | AT24: =Parameters!$D$15+(Parameters!$G$15-Parameters!$D$15)*((1/(1+EXP(-Parameters!$I$15*($A24-Parameters!$J$15))))-(1/(1+EXP(-Parameters!$I$15*(2024-Parameters!$J$15)))))/(1-(1/(1+EXP(-Parameters!$I$15*(2024-Parameters!$J$15))))) -> 1.9792684 | AU24: =MIN(Parameters!$D$15+IF(Parameters!$K$15=0,Parameters!$E$15*($A24-2024),Parameters!$E$15*((1+Parameters!$K$15)^($A24-2024)-1)/Parameters!$K$15),Parameters!$G$15) -> 2.9626745 | AV24: =MAX(AT24-AT23,0) -> 0.17162747 | AW24: =MAX(AU24-AU23,0) -> 0.36292403
A25: 2031 | B25: =Parameters!$D$4+(Parameters!$G$4-Parameters!$D$4)*((1/(1+EXP(-Parameters!$I$4*($A25-Parameters!$J$4))))-(1/(1+EXP(-Parameters!$I$4*(2024-Parameters!$J$4)))))/(1-(1/(1+EXP(-Parameters!$I$4*(2024-Parameters!$J$4))))) -> 36.159522 | C25: =MIN(Parameters!$D$4+IF(Parameters!$K$4=0,Parameters!$E$4*($A25-2024),Parameters!$E$4*((1+Parameters!$K$4)^($A25-2024)-1)/Parameters!$K$4),Parameters!$G$4) -> 48.832337 | D25: =MAX(B25-B24,0) -> 3.639276 | E25: =MAX(C25-C24,0) -> 5.4471134 | F25: =Parameters!$D$5+(Parameters!$G$5-Parameters!$D$5)*((1/(1+EXP(-Parameters!$I$5*($A25-Parameters!$J$5))))-(1/(1+EXP(-Parameters!$I$5*(2024-Parameters!$J$5)))))/(1-(1/(1+EXP(-Parameters!$I$5*(2024-Parameters!$J$5))))) -> 56.940762 | G25: =MIN(Parameters!$D$5+IF(Parameters!$K$5=0,Parameters!$E$5*($A25-2024),Parameters!$E$5*((1+Parameters!$K$5)^($A25-2024)-1)/Parameters!$K$5),Parameters!$G$5) -> 63.916673 | H25: =MAX(F25-F24,0) -> 4.1823976 | I25: =MAX(G25-G24,0) -> 5.2531749 | J25: =Parameters!$D$6+(Parameters!$G$6-Parameters!$D$6)*((1/(1+EXP(-Parameters!$I$6*($A25-Parameters!$J$6))))-(1/(1+EXP(-Parameters!$I$6*(2024-Parameters!$J$6)))))/(1-(1/(1+EXP(-Parameters!$I$6*(2024-Parameters!$J$6))))) -> 14.101139 | K25: =MIN(Parameters!$D$6+IF(Parameters!$K$6=0,Parameters!$E$6*($A25-2024),Parameters!$E$6*((1+Parameters!$K$6)^($A25-2024)-1)/Parameters!$K$6),Parameters!$G$6) -> 9.4830167 | L25: =MAX(J25-J24,0) -> 1.3272972 | M25: =MAX(K25-K24,0) -> 0.34911235 | N25: =Parameters!$D$7+(Parameters!$G$7-Parameters!$D$7)*((1/(1+EXP(-Parameters!$I$7*($A25-Parameters!$J$7))))-(1/(1+EXP(-Parameters!$I$7*(2024-Parameters!$J$7)))))/(1-(1/(1+EXP(-Parameters!$I$7*(2024-Parameters!$J$7))))) -> 13.88952 | O25: =MIN(Parameters!$D$7+IF(Parameters!$K$7=0,Parameters!$E$7*($A25-2024),Parameters!$E$7*((1+Parameters!$K$7)^($A25-2024)-1)/Parameters!$K$7),Parameters!$G$7) -> 7.318 | P25: =MAX(N25-N24,0) -> 1.3625467 | Q25: =MAX(O25-O24,0) -> 0 | R25: =Parameters!$D$8+(Parameters!$G$8-Parameters!$D$8)*((1/(1+EXP(-Parameters!$I$8*($A25-Parameters!$J$8))))-(1/(1+EXP(-Parameters!$I$8*(2024-Parameters!$J$8)))))/(1-(1/(1+EXP(-Parameters!$I$8*(2024-Parameters!$J$8))))) -> 16.371297 | S25: =MIN(Parameters!$D$8+IF(Parameters!$K$8=0,Parameters!$E$8*($A25-2024),Parameters!$E$8*((1+Parameters!$K$8)^($A25-2024)-1)/Parameters!$K$8),Parameters!$G$8) -> 17.92442 | T25: =MAX(R25-R24,0) -> 1.6320015 | U25: =MAX(S25-S24,0) -> 1.7447785 | V25: =Parameters!$D$9+(Parameters!$G$9-Parameters!$D$9)*((1/(1+EXP(-Parameters!$I$9*($A25-Parameters!$J$9))))-(1/(1+EXP(-Parameters!$I$9*(2024-Parameters!$J$9)))))/(1-(1/(1+EXP(-Parameters!$I$9*(2024-Parameters!$J$9))))) -> 10.597815 | W25: =MIN(Parameters!$D$9+IF(Parameters!$K$9=0,Parameters!$E$9*($A25-2024),Parameters!$E$9*((1+Parameters!$K$9)^($A25-2024)-1)/Parameters!$K$9),Parameters!$G$9) -> 9.1321586 | X25: =MAX(V25-V24,0) -> 1.0436978 | Y25: =MAX(W25-W24,0) -> 0.74614105 | Z25: =Parameters!$D$10+(Parameters!$G$10-Parameters!$D$10)*((1/(1+EXP(-Parameters!$I$10*($A25-Parameters!$J$10))))-(1/(1+EXP(-Parameters!$I$10*(2024-Parameters!$J$10)))))/(1-(1/(1+EXP(-Parameters!$I$10*(2024-Parameters!$J$10))))) -> 3.6036867 | AA25: =MIN(Parameters!$D$10+IF(Parameters!$K$10=0,Parameters!$E$10*($A25-2024),Parameters!$E$10*((1+Parameters!$K$10)^($A25-2024)-1)/Parameters!$K$10),Parameters!$G$10) -> 3.6531387 | AB25: =MAX(Z25-Z24,0) -> 0.3659104 | AC25: =MAX(AA25-AA24,0) -> 0.33166141 | AD25: =Parameters!$D$11+(Parameters!$G$11-Parameters!$D$11)*((1/(1+EXP(-Parameters!$I$11*($A25-Parameters!$J$11))))-(1/(1+EXP(-Parameters!$I$11*(2024-Parameters!$J$11)))))/(1-(1/(1+EXP(-Parameters!$I$11*(2024-Parameters!$J$11))))) -> 8.6396784 | AE25: =MIN(Parameters!$D$11+IF(Parameters!$K$11=0,Parameters!$E$11*($A25-2024),Parameters!$E$11*((1+Parameters!$K$11)^($A25-2024)-1)/Parameters!$K$11),Parameters!$G$11) -> 7.1993863 | AF25: =MAX(AD25-AD24,0) -> 0.78597238 | AG25: =MAX(AE25-AE24,0) -> 0.48655206 | AH25: =Parameters!$D$12+(Parameters!$G$12-Parameters!$D$12)*((1/(1+EXP(-Parameters!$I$12*($A25-Parameters!$J$12))))-(1/(1+EXP(-Parameters!$I$12*(2024-Parameters!$J$12)))))/(1-(1/(1+EXP(-Parameters!$I$12*(2024-Parameters!$J$12))))) -> 6.7837458 | AI25: =MIN(Parameters!$D$12+IF(Parameters!$K$12=0,Parameters!$E$12*($A25-2024),Parameters!$E$12*((1+Parameters!$K$12)^($A25-2024)-1)/Parameters!$K$12),Parameters!$G$12) -> 5.2253171 | AJ25: =MAX(AH25-AH24,0) -> 1.0873171 | AK25: =MAX(AI25-AI24,0) -> 0.71571064 | AL25: =Parameters!$D$13+(Parameters!$G$13-Parameters!$D$13)*((1/(1+EXP(-Parameters!$I$13*($A25-Parameters!$J$13))))-(1/(1+EXP(-Parameters!$I$13*(2024-Parameters!$J$13)))))/(1-(1/(1+EXP(-Parameters!$I$13*(2024-Parameters!$J$13))))) -> 1.8985924 | AM25: =MIN(Parameters!$D$13+IF(Parameters!$K$13=0,Parameters!$E$13*($A25-2024),Parameters!$E$13*((1+Parameters!$K$13)^($A25-2024)-1)/Parameters!$K$13),Parameters!$G$13) -> 0.081235855 | AN25: =MAX(AL25-AL24,0) -> 0.36803712 | AO25: =MAX(AM25-AM24,0) -> 0.008857805 | AP25: =Parameters!$D$14+(Parameters!$G$14-Parameters!$D$14)*((1/(1+EXP(-Parameters!$I$14*($A25-Parameters!$J$14))))-(1/(1+EXP(-Parameters!$I$14*(2024-Parameters!$J$14)))))/(1-(1/(1+EXP(-Parameters!$I$14*(2024-Parameters!$J$14))))) -> 1.8846548 | AQ25: =MIN(Parameters!$D$14+IF(Parameters!$K$14=0,Parameters!$E$14*($A25-2024),Parameters!$E$14*((1+Parameters!$K$14)^($A25-2024)-1)/Parameters!$K$14),Parameters!$G$14) -> 1.1443661 | AR25: =MAX(AP25-AP24,0) -> 0.26650606 | AS25: =MAX(AQ25-AQ24,0) -> 0.11515147 | AT25: =Parameters!$D$15+(Parameters!$G$15-Parameters!$D$15)*((1/(1+EXP(-Parameters!$I$15*($A25-Parameters!$J$15))))-(1/(1+EXP(-Parameters!$I$15*(2024-Parameters!$J$15)))))/(1-(1/(1+EXP(-Parameters!$I$15*(2024-Parameters!$J$15))))) -> 2.1635755 | AU25: =MIN(Parameters!$D$15+IF(Parameters!$K$15=0,Parameters!$E$15*($A25-2024),Parameters!$E$15*((1+Parameters!$K$15)^($A25-2024)-1)/Parameters!$K$15),Parameters!$G$15) -> 3.3546324 | AV25: =MAX(AT25-AT24,0) -> 0.18430711 | AW25: =MAX(AU25-AU24,0) -> 0.39195796
A26: 2032 | B26: =Parameters!$D$4+(Parameters!$G$4-Parameters!$D$4)*((1/(1+EXP(-Parameters!$I$4*($A26-Parameters!$J$4))))-(1/(1+EXP(-Parameters!$I$4*(2024-Parameters!$J$4)))))/(1-(1/(1+EXP(-Parameters!$I$4*(2024-Parameters!$J$4))))) -> 40.031541 | C26: =MIN(Parameters!$D$4+IF(Parameters!$K$4=0,Parameters!$E$4*($A26-2024),Parameters!$E$4*((1+Parameters!$K$4)^($A26-2024)-1)/Parameters!$K$4),Parameters!$G$4) -> 54.606277 | D26: =MAX(B26-B25,0) -> 3.8720184 | E26: =MAX(C26-C25,0) -> 5.7739402 | F26: =Parameters!$D$5+(Parameters!$G$5-Parameters!$D$5)*((1/(1+EXP(-Parameters!$I$5*($A26-Parameters!$J$5))))-(1/(1+EXP(-Parameters!$I$5*(2024-Parameters!$J$5)))))/(1-(1/(1+EXP(-Parameters!$I$5*(2024-Parameters!$J$5))))) -> 61.230458 | G26: =MIN(Parameters!$D$5+IF(Parameters!$K$5=0,Parameters!$E$5*($A26-2024),Parameters!$E$5*((1+Parameters!$K$5)^($A26-2024)-1)/Parameters!$K$5),Parameters!$G$5) -> 69.432507 | H26: =MAX(F26-F25,0) -> 4.2896956 | I26: =MAX(G26-G25,0) -> 5.5158337 | J26: =Parameters!$D$6+(Parameters!$G$6-Parameters!$D$6)*((1/(1+EXP(-Parameters!$I$6*($A26-Parameters!$J$6))))-(1/(1+EXP(-Parameters!$I$6*(2024-Parameters!$J$6)))))/(1-(1/(1+EXP(-Parameters!$I$6*(2024-Parameters!$J$6))))) -> 15.556606 | K26: =MIN(Parameters!$D$6+IF(Parameters!$K$6=0,Parameters!$E$6*($A26-2024),Parameters!$E$6*((1+Parameters!$K$6)^($A26-2024)-1)/Parameters!$K$6),Parameters!$G$6) -> 9.8600581 | L26: =MAX(J26-J25,0) -> 1.4554666 | M26: =MAX(K26-K25,0) -> 0.37704134 | N26: =Parameters!$D$7+(Parameters!$G$7-Parameters!$D$7)*((1/(1+EXP(-Parameters!$I$7*($A26-Parameters!$J$7))))-(1/(1+EXP(-Parameters!$I$7*(2024-Parameters!$J$7)))))/(1-(1/(1+EXP(-Parameters!$I$7*(2024-Parameters!$J$7))))) -> 15.406181 | O26: =MIN(Parameters!$D$7+IF(Parameters!$K$7=0,Parameters!$E$7*($A26-2024),Parameters!$E$7*((1+Parameters!$K$7)^($A26-2024)-1)/Parameters!$K$7),Parameters!$G$7) -> 7.318 | P26: =MAX(N26-N25,0) -> 1.5166611 | Q26: =MAX(O26-O25,0) -> 0 | R26: =Parameters!$D$8+(Parameters!$G$8-Parameters!$D$8)*((1/(1+EXP(-Parameters!$I$8*($A26-Parameters!$J$8))))-(1/(1+EXP(-Parameters!$I$8*(2024-Parameters!$J$8)))))/(1-(1/(1+EXP(-Parameters!$I$8*(2024-Parameters!$J$8))))) -> 18.107669 | S26: =MIN(Parameters!$D$8+IF(Parameters!$K$8=0,Parameters!$E$8*($A26-2024),Parameters!$E$8*((1+Parameters!$K$8)^($A26-2024)-1)/Parameters!$K$8),Parameters!$G$8) -> 19.773886 | T26: =MAX(R26-R25,0) -> 1.7363727 | U26: =MAX(S26-S25,0) -> 1.8494652 | V26: =Parameters!$D$9+(Parameters!$G$9-Parameters!$D$9)*((1/(1+EXP(-Parameters!$I$9*($A26-Parameters!$J$9))))-(1/(1+EXP(-Parameters!$I$9*(2024-Parameters!$J$9)))))/(1-(1/(1+EXP(-Parameters!$I$9*(2024-Parameters!$J$9))))) -> 11.694394 | W26: =MIN(Parameters!$D$9+IF(Parameters!$K$9=0,Parameters!$E$9*($A26-2024),Parameters!$E$9*((1+Parameters!$K$9)^($A26-2024)-1)/Parameters!$K$9),Parameters!$G$9) -> 9.9230681 | X26: =MAX(V26-V25,0) -> 1.0965795 | Y26: =MAX(W26-W25,0) -> 0.79090952 | Z26: =Parameters!$D$10+(Parameters!$G$10-Parameters!$D$10)*((1/(1+EXP(-Parameters!$I$10*($A26-Parameters!$J$10))))-(1/(1+EXP(-Parameters!$I$10*(2024-Parameters!$J$10)))))/(1-(1/(1+EXP(-Parameters!$I$10*(2024-Parameters!$J$10))))) -> 4.003479 | AA26: =MIN(Parameters!$D$10+IF(Parameters!$K$10=0,Parameters!$E$10*($A26-2024),Parameters!$E$10*((1+Parameters!$K$10)^($A26-2024)-1)/Parameters!$K$10),Parameters!$G$10) -> 4.0080164 | AB26: =MAX(Z26-Z25,0) -> 0.39979237 | AC26: =MAX(AA26-AA25,0) -> 0.35487771 | AD26: =Parameters!$D$11+(Parameters!$G$11-Parameters!$D$11)*((1/(1+EXP(-Parameters!$I$11*($A26-Parameters!$J$11))))-(1/(1+EXP(-Parameters!$I$11*(2024-Parameters!$J$11)))))/(1-(1/(1+EXP(-Parameters!$I$11*(2024-Parameters!$J$11))))) -> 9.4748212 | AE26: =MIN(Parameters!$D$11+IF(Parameters!$K$11=0,Parameters!$E$11*($A26-2024),Parameters!$E$11*((1+Parameters!$K$11)^($A26-2024)-1)/Parameters!$K$11),Parameters!$G$11) -> 7.7151315 | AF26: =MAX(AD26-AD25,0) -> 0.83514281 | AG26: =MAX(AE26-AE25,0) -> 0.51574518 | AH26: =Parameters!$D$12+(Parameters!$G$12-Parameters!$D$12)*((1/(1+EXP(-Parameters!$I$12*($A26-Parameters!$J$12))))-(1/(1+EXP(-Parameters!$I$12*(2024-Parameters!$J$12)))))/(1-(1/(1+EXP(-Parameters!$I$12*(2024-Parameters!$J$12))))) -> 7.9760588 | AI26: =MIN(Parameters!$D$12+IF(Parameters!$K$12=0,Parameters!$E$12*($A26-2024),Parameters!$E$12*((1+Parameters!$K$12)^($A26-2024)-1)/Parameters!$K$12),Parameters!$G$12) -> 6.0125988 | AJ26: =MAX(AH26-AH25,0) -> 1.192313 | AK26: =MAX(AI26-AI25,0) -> 0.78728171 | AL26: =Parameters!$D$13+(Parameters!$G$13-Parameters!$D$13)*((1/(1+EXP(-Parameters!$I$13*($A26-Parameters!$J$13))))-(1/(1+EXP(-Parameters!$I$13*(2024-Parameters!$J$13)))))/(1-(1/(1+EXP(-Parameters!$I$13*(2024-Parameters!$J$13))))) -> 2.2932448 | AM26: =MIN(Parameters!$D$13+IF(Parameters!$K$13=0,Parameters!$E$13*($A26-2024),Parameters!$E$13*((1+Parameters!$K$13)^($A26-2024)-1)/Parameters!$K$13),Parameters!$G$13) -> 0.090979441 | AN26: =MAX(AL26-AL25,0) -> 0.39465243 | AO26: =MAX(AM26-AM25,0) -> 0.0097435855 | AP26: =Parameters!$D$14+(Parameters!$G$14-Parameters!$D$14)*((1/(1+EXP(-Parameters!$I$14*($A26-Parameters!$J$14))))-(1/(1+EXP(-Parameters!$I$14*(2024-Parameters!$J$14)))))/(1-(1/(1+EXP(-Parameters!$I$14*(2024-Parameters!$J$14))))) -> 2.1758384 | AQ26: =MIN(Parameters!$D$14+IF(Parameters!$K$14=0,Parameters!$E$14*($A26-2024),Parameters!$E$14*((1+Parameters!$K$14)^($A26-2024)-1)/Parameters!$K$14),Parameters!$G$14) -> 1.2710327 | AR26: =MAX(AP26-AP25,0) -> 0.29118355 | AS26: =MAX(AQ26-AQ25,0) -> 0.12666661 | AT26: =Parameters!$D$15+(Parameters!$G$15-Parameters!$D$15)*((1/(1+EXP(-Parameters!$I$15*($A26-Parameters!$J$15))))-(1/(1+EXP(-Parameters!$I$15*(2024-Parameters!$J$15)))))/(1-(1/(1+EXP(-Parameters!$I$15*(2024-Parameters!$J$15))))) -> 2.3594129 | AU26: =MIN(Parameters!$D$15+IF(Parameters!$K$15=0,Parameters!$E$15*($A26-2024),Parameters!$E$15*((1+Parameters!$K$15)^($A26-2024)-1)/Parameters!$K$15),Parameters!$G$15) -> 3.777947 | AV26: =MAX(AT26-AT25,0) -> 0.19583737 | AW26: =MAX(AU26-AU25,0) -> 0.42331459
A27: 2033 | B27: =Parameters!$D$4+(Parameters!$G$4-Parameters!$D$4)*((1/(1+EXP(-Parameters!$I$4*($A27-Parameters!$J$4))))-(1/(1+EXP(-Parameters!$I$4*(2024-Parameters!$J$4)))))/(1-(1/(1+EXP(-Parameters!$I$4*(2024-Parameters!$J$4))))) -> 44.091242 | C27: =MIN(Parameters!$D$4+IF(Parameters!$K$4=0,Parameters!$E$4*($A27-2024),Parameters!$E$4*((1+Parameters!$K$4)^($A27-2024)-1)/Parameters!$K$4),Parameters!$G$4) -> 60.726653 | D27: =MAX(B27-B26,0) -> 4.0597017 | E27: =MAX(C27-C26,0) -> 6.1203766 | F27: =Parameters!$D$5+(Parameters!$G$5-Parameters!$D$5)*((1/(1+EXP(-Parameters!$I$5*($A27-Parameters!$J$5))))-(1/(1+EXP(-Parameters!$I$5*(2024-Parameters!$J$5)))))/(1-(1/(1+EXP(-Parameters!$I$5*(2024-Parameters!$J$5))))) -> 65.575179 | G27: =MIN(Parameters!$D$5+IF(Parameters!$K$5=0,Parameters!$E$5*($A27-2024),Parameters!$E$5*((1+Parameters!$K$5)^($A27-2024)-1)/Parameters!$K$5),Parameters!$G$5) -> 75.224132 | H27: =MAX(F27-F26,0) -> 4.3447209 | I27: =MAX(G27-G26,0) -> 5.7916253 | J27: =Parameters!$D$6+(Parameters!$G$6-Parameters!$D$6)*((1/(1+EXP(-Parameters!$I$6*($A27-Parameters!$J$6))))-(1/(1+EXP(-Parameters!$I$6*(2024-Parameters!$J$6)))))/(1-(1/(1+EXP(-Parameters!$I$6*(2024-Parameters!$J$6))))) -> 17.126645 | K27: =MIN(Parameters!$D$6+IF(Parameters!$K$6=0,Parameters!$E$6*($A27-2024),Parameters!$E$6*((1+Parameters!$K$6)^($A27-2024)-1)/Parameters!$K$6),Parameters!$G$6) -> 10.267263 | L27: =MAX(J27-J26,0) -> 1.5700387 | M27: =MAX(K27-K26,0) -> 0.40720465 | N27: =Parameters!$D$7+(Parameters!$G$7-Parameters!$D$7)*((1/(1+EXP(-Parameters!$I$7*($A27-Parameters!$J$7))))-(1/(1+EXP(-Parameters!$I$7*(2024-Parameters!$J$7)))))/(1-(1/(1+EXP(-Parameters!$I$7*(2024-Parameters!$J$7))))) -> 17.069297 | O27: =MIN(Parameters!$D$7+IF(Parameters!$K$7=0,Parameters!$E$7*($A27-2024),Parameters!$E$7*((1+Parameters!$K$7)^($A27-2024)-1)/Parameters!$K$7),Parameters!$G$7) -> 7.318 | P27: =MAX(N27-N26,0) -> 1.6631162 | Q27: =MAX(O27-O26,0) -> 0 | R27: =Parameters!$D$8+(Parameters!$G$8-Parameters!$D$8)*((1/(1+EXP(-Parameters!$I$8*($A27-Parameters!$J$8))))-(1/(1+EXP(-Parameters!$I$8*(2024-Parameters!$J$8)))))/(1-(1/(1+EXP(-Parameters!$I$8*(2024-Parameters!$J$8))))) -> 19.928207 | S27: =MIN(Parameters!$D$8+IF(Parameters!$K$8=0,Parameters!$E$8*($A27-2024),Parameters!$E$8*((1+Parameters!$K$8)^($A27-2024)-1)/Parameters!$K$8),Parameters!$G$8) -> 21.734319 | T27: =MAX(R27-R26,0) -> 1.8205377 | U27: =MAX(S27-S26,0) -> 1.9604331 | V27: =Parameters!$D$9+(Parameters!$G$9-Parameters!$D$9)*((1/(1+EXP(-Parameters!$I$9*($A27-Parameters!$J$9))))-(1/(1+EXP(-Parameters!$I$9*(2024-Parameters!$J$9)))))/(1-(1/(1+EXP(-Parameters!$I$9*(2024-Parameters!$J$9))))) -> 12.832994 | W27: =MIN(Parameters!$D$9+IF(Parameters!$K$9=0,Parameters!$E$9*($A27-2024),Parameters!$E$9*((1+Parameters!$K$9)^($A27-2024)-1)/Parameters!$K$9),Parameters!$G$9) -> 10.761432 | X27: =MAX(V27-V26,0) -> 1.1385999 | Y27: =MAX(W27-W26,0) -> 0.83836409 | Z27: =Parameters!$D$10+(Parameters!$G$10-Parameters!$D$10)*((1/(1+EXP(-Parameters!$I$10*($A27-Parameters!$J$10))))-(1/(1+EXP(-Parameters!$I$10*(2024-Parameters!$J$10)))))/(1-(1/(1+EXP(-Parameters!$I$10*(2024-Parameters!$J$10))))) -> 4.4347424 | AA27: =MIN(Parameters!$D$10+IF(Parameters!$K$10=0,Parameters!$E$10*($A27-2024),Parameters!$E$10*((1+Parameters!$K$10)^($A27-2024)-1)/Parameters!$K$10),Parameters!$G$10) -> 4.3877355 | AB27: =MAX(Z27-Z26,0) -> 0.43126339 | AC27: =MAX(AA27-AA26,0) -> 0.37971915 | AD27: =Parameters!$D$11+(Parameters!$G$11-Parameters!$D$11)*((1/(1+EXP(-Parameters!$I$11*($A27-Parameters!$J$11))))-(1/(1+EXP(-Parameters!$I$11*(2024-Parameters!$J$11)))))/(1-(1/(1+EXP(-Parameters!$I$11*(2024-Parameters!$J$11))))) -> 10.352279 | AE27: =MIN(Parameters!$D$11+IF(Parameters!$K$11=0,Parameters!$E$11*($A27-2024),Parameters!$E$11*((1+Parameters!$K$11)^($A27-2024)-1)/Parameters!$K$11),Parameters!$G$11) -> 8.2618214 | AF27: =MAX(AD27-AD26,0) -> 0.8774575 | AG27: =MAX(AE27-AE26,0) -> 0.54668989 | AH27: =Parameters!$D$12+(Parameters!$G$12-Parameters!$D$12)*((1/(1+EXP(-Parameters!$I$12*($A27-Parameters!$J$12))))-(1/(1+EXP(-Parameters!$I$12*(2024-Parameters!$J$12)))))/(1-(1/(1+EXP(-Parameters!$I$12*(2024-Parameters!$J$12))))) -> 9.2622289 | AI27: =MIN(Parameters!$D$12+IF(Parameters!$K$12=0,Parameters!$E$12*($A27-2024),Parameters!$E$12*((1+Parameters!$K$12)^($A27-2024)-1)/Parameters!$K$12),Parameters!$G$12) -> 6.8786087 | AJ27: =MAX(AH27-AH26,0) -> 1.2861701 | AK27: =MAX(AI27-AI26,0) -> 0.86600988 | AL27: =Parameters!$D$13+(Parameters!$G$13-Parameters!$D$13)*((1/(1+EXP(-Parameters!$I$13*($A27-Parameters!$J$13))))-(1/(1+EXP(-Parameters!$I$13*(2024-Parameters!$J$13)))))/(1-(1/(1+EXP(-Parameters!$I$13*(2024-Parameters!$J$13))))) -> 2.7070756 | AM27: =MIN(Parameters!$D$13+IF(Parameters!$K$13=0,Parameters!$E$13*($A27-2024),Parameters!$E$13*((1+Parameters!$K$13)^($A27-2024)-1)/Parameters!$K$13),Parameters!$G$13) -> 0.10169738 | AN27: =MAX(AL27-AL26,0) -> 0.41383077 | AO27: =MAX(AM27-AM26,0) -> 0.010717944 | AP27: =Parameters!$D$14+(Parameters!$G$14-Parameters!$D$14)*((1/(1+EXP(-Parameters!$I$14*($A27-Parameters!$J$14))))-(1/(1+EXP(-Parameters!$I$14*(2024-Parameters!$J$14)))))/(1-(1/(1+EXP(-Parameters!$I$14*(2024-Parameters!$J$14))))) -> 2.4899434 | AQ27: =MIN(Parameters!$D$14+IF(Parameters!$K$14=0,Parameters!$E$14*($A27-2024),Parameters!$E$14*((1+Parameters!$K$14)^($A27-2024)-1)/Parameters!$K$14),Parameters!$G$14) -> 1.410366 | AR27: =MAX(AP27-AP26,0) -> 0.31410505 | AS27: =MAX(AQ27-AQ26,0) -> 0.13933327 | AT27: =Parameters!$D$15+(Parameters!$G$15-Parameters!$D$15)*((1/(1+EXP(-Parameters!$I$15*($A27-Parameters!$J$15))))-(1/(1+EXP(-Parameters!$I$15*(2024-Parameters!$J$15)))))/(1-(1/(1+EXP(-Parameters!$I$15*(2024-Parameters!$J$15))))) -> 2.5651729 | AU27: =MIN(Parameters!$D$15+IF(Parameters!$K$15=0,Parameters!$E$15*($A27-2024),Parameters!$E$15*((1+Parameters!$K$15)^($A27-2024)-1)/Parameters!$K$15),Parameters!$G$15) -> 4.2351268 | AV27: =MAX(AT27-AT26,0) -> 0.20575998 | AW27: =MAX(AU27-AU26,0) -> 0.45717976
A28: 2034 | B28: =Parameters!$D$4+(Parameters!$G$4-Parameters!$D$4)*((1/(1+EXP(-Parameters!$I$4*($A28-Parameters!$J$4))))-(1/(1+EXP(-Parameters!$I$4*(2024-Parameters!$J$4)))))/(1-(1/(1+EXP(-Parameters!$I$4*(2024-Parameters!$J$4))))) -> 48.282834 | C28: =MIN(Parameters!$D$4+IF(Parameters!$K$4=0,Parameters!$E$4*($A28-2024),Parameters!$E$4*((1+Parameters!$K$4)^($A28-2024)-1)/Parameters!$K$4),Parameters!$G$4) -> 67.214253 | D28: =MAX(B28-B27,0) -> 4.1915916 | E28: =MAX(C28-C27,0) -> 6.4875992 | F28: =Parameters!$D$5+(Parameters!$G$5-Parameters!$D$5)*((1/(1+EXP(-Parameters!$I$5*($A28-Parameters!$J$5))))-(1/(1+EXP(-Parameters!$I$5*(2024-Parameters!$J$5)))))/(1-(1/(1+EXP(-Parameters!$I$5*(2024-Parameters!$J$5))))) -> 69.9199 | G28: =MIN(Parameters!$D$5+IF(Parameters!$K$5=0,Parameters!$E$5*($A28-2024),Parameters!$E$5*((1+Parameters!$K$5)^($A28-2024)-1)/Parameters!$K$5),Parameters!$G$5) -> 81.305339 | H28: =MAX(F28-F27,0) -> 4.3447209 | I28: =MAX(G28-G27,0) -> 6.0812066 | J28: =Parameters!$D$6+(Parameters!$G$6-Parameters!$D$6)*((1/(1+EXP(-Parameters!$I$6*($A28-Parameters!$J$6))))-(1/(1+EXP(-Parameters!$I$6*(2024-Parameters!$J$6)))))/(1-(1/(1+EXP(-Parameters!$I$6*(2024-Parameters!$J$6))))) -> 18.79058 | K28: =MIN(Parameters!$D$6+IF(Parameters!$K$6=0,Parameters!$E$6*($A28-2024),Parameters!$E$6*((1+Parameters!$K$6)^($A28-2024)-1)/Parameters!$K$6),Parameters!$G$6) -> 10.707044 | L28: =MAX(J28-J27,0) -> 1.6639356 | M28: =MAX(K28-K27,0) -> 0.43978102 | N28: =Parameters!$D$7+(Parameters!$G$7-Parameters!$D$7)*((1/(1+EXP(-Parameters!$I$7*($A28-Parameters!$J$7))))-(1/(1+EXP(-Parameters!$I$7*(2024-Parameters!$J$7)))))/(1-(1/(1+EXP(-Parameters!$I$7*(2024-Parameters!$J$7))))) -> 18.863331 | O28: =MIN(Parameters!$D$7+IF(Parameters!$K$7=0,Parameters!$E$7*($A28-2024),Parameters!$E$7*((1+Parameters!$K$7)^($A28-2024)-1)/Parameters!$K$7),Parameters!$G$7) -> 7.318 | P28: =MAX(N28-N27,0) -> 1.7940342 | Q28: =MAX(O28-O27,0) -> 0 | R28: =Parameters!$D$8+(Parameters!$G$8-Parameters!$D$8)*((1/(1+EXP(-Parameters!$I$8*($A28-Parameters!$J$8))))-(1/(1+EXP(-Parameters!$I$8*(2024-Parameters!$J$8)))))/(1-(1/(1+EXP(-Parameters!$I$8*(2024-Parameters!$J$8))))) -> 21.80789 | S28: =MIN(Parameters!$D$8+IF(Parameters!$K$8=0,Parameters!$E$8*($A28-2024),Parameters!$E$8*((1+Parameters!$K$8)^($A28-2024)-1)/Parameters!$K$8),Parameters!$G$8) -> 23.812378 | T28: =MAX(R28-R27,0) -> 1.8796826 | U28: =MAX(S28-S27,0) -> 2.0780591 | V28: =Parameters!$D$9+(Parameters!$G$9-Parameters!$D$9)*((1/(1+EXP(-Parameters!$I$9*($A28-Parameters!$J$9))))-(1/(1+EXP(-Parameters!$I$9*(2024-Parameters!$J$9)))))/(1-(1/(1+EXP(-Parameters!$I$9*(2024-Parameters!$J$9))))) -> 14.000805 | W28: =MIN(Parameters!$D$9+IF(Parameters!$K$9=0,Parameters!$E$9*($A28-2024),Parameters!$E$9*((1+Parameters!$K$9)^($A28-2024)-1)/Parameters!$K$9),Parameters!$G$9) -> 11.650098 | X28: =MAX(V28-V27,0) -> 1.1678103 | Y28: =MAX(W28-W27,0) -> 0.88866593 | Z28: =Parameters!$D$10+(Parameters!$G$10-Parameters!$D$10)*((1/(1+EXP(-Parameters!$I$10*($A28-Parameters!$J$10))))-(1/(1+EXP(-Parameters!$I$10*(2024-Parameters!$J$10)))))/(1-(1/(1+EXP(-Parameters!$I$10*(2024-Parameters!$J$10))))) -> 4.8935864 | AA28: =MIN(Parameters!$D$10+IF(Parameters!$K$10=0,Parameters!$E$10*($A28-2024),Parameters!$E$10*((1+Parameters!$K$10)^($A28-2024)-1)/Parameters!$K$10),Parameters!$G$10) -> 4.794035 | AB28: =MAX(Z28-Z27,0) -> 0.45884394 | AC28: =MAX(AA28-AA27,0) -> 0.40629949 | AD28: =Parameters!$D$11+(Parameters!$G$11-Parameters!$D$11)*((1/(1+EXP(-Parameters!$I$11*($A28-Parameters!$J$11))))-(1/(1+EXP(-Parameters!$I$11*(2024-Parameters!$J$11)))))/(1-(1/(1+EXP(-Parameters!$I$11*(2024-Parameters!$J$11))))) -> 11.26336 | AE28: =MIN(Parameters!$D$11+IF(Parameters!$K$11=0,Parameters!$E$11*($A28-2024),Parameters!$E$11*((1+Parameters!$K$11)^($A28-2024)-1)/Parameters!$K$11),Parameters!$G$11) -> 8.8413127 | AF28: =MAX(AD28-AD27,0) -> 0.91108127 | AG28: =MAX(AE28-AE27,0) -> 0.57949128 | AH28: =Parameters!$D$12+(Parameters!$G$12-Parameters!$D$12)*((1/(1+EXP(-Parameters!$I$12*($A28-Parameters!$J$12))))-(1/(1+EXP(-Parameters!$I$12*(2024-Parameters!$J$12)))))/(1-(1/(1+EXP(-Parameters!$I$12*(2024-Parameters!$J$12))))) -> 10.625319 | AI28: =MIN(Parameters!$D$12+IF(Parameters!$K$12=0,Parameters!$E$12*($A28-2024),Parameters!$E$12*((1+Parameters!$K$12)^($A28-2024)-1)/Parameters!$K$12),Parameters!$G$12) -> 7.8312195 | AJ28: =MAX(AH28-AH27,0) -> 1.3630901 | AK28: =MAX(AI28-AI27,0) -> 0.95261087 | AL28: =Parameters!$D$13+(Parameters!$G$13-Parameters!$D$13)*((1/(1+EXP(-Parameters!$I$13*($A28-Parameters!$J$13))))-(1/(1+EXP(-Parameters!$I$13*(2024-Parameters!$J$13)))))/(1-(1/(1+EXP(-Parameters!$I$13*(2024-Parameters!$J$13))))) -> 3.1309615 | AM28: =MIN(Parameters!$D$13+IF(Parameters!$K$13=0,Parameters!$E$13*($A28-2024),Parameters!$E$13*((1+Parameters!$K$13)^($A28-2024)-1)/Parameters!$K$13),Parameters!$G$13) -> 0.11348712 | AN28: =MAX(AL28-AL27,0) -> 0.42388594 | AO28: =MAX(AM28-AM27,0) -> 0.011789738 | AP28: =Parameters!$D$14+(Parameters!$G$14-Parameters!$D$14)*((1/(1+EXP(-Parameters!$I$14*($A28-Parameters!$J$14))))-(1/(1+EXP(-Parameters!$I$14*(2024-Parameters!$J$14)))))/(1-(1/(1+EXP(-Parameters!$I$14*(2024-Parameters!$J$14))))) -> 2.8241364 | AQ28: =MIN(Parameters!$D$14+IF(Parameters!$K$14=0,Parameters!$E$14*($A28-2024),Parameters!$E$14*((1+Parameters!$K$14)^($A28-2024)-1)/Parameters!$K$14),Parameters!$G$14) -> 1.5636326 | AR28: =MAX(AP28-AP27,0) -> 0.33419299 | AS28: =MAX(AQ28-AQ27,0) -> 0.1532666 | AT28: =Parameters!$D$15+(Parameters!$G$15-Parameters!$D$15)*((1/(1+EXP(-Parameters!$I$15*($A28-Parameters!$J$15))))-(1/(1+EXP(-Parameters!$I$15*(2024-Parameters!$J$15)))))/(1-(1/(1+EXP(-Parameters!$I$15*(2024-Parameters!$J$15))))) -> 2.7788175 | AU28: =MIN(Parameters!$D$15+IF(Parameters!$K$15=0,Parameters!$E$15*($A28-2024),Parameters!$E$15*((1+Parameters!$K$15)^($A28-2024)-1)/Parameters!$K$15),Parameters!$G$15) -> 4.7288809 | AV28: =MAX(AT28-AT27,0) -> 0.21364461 | AW28: =MAX(AU28-AU27,0) -> 0.49375414
A29: 2035 | B29: =Parameters!$D$4+(Parameters!$G$4-Parameters!$D$4)*((1/(1+EXP(-Parameters!$I$4*($A29-Parameters!$J$4))))-(1/(1+EXP(-Parameters!$I$4*(2024-Parameters!$J$4)))))/(1-(1/(1+EXP(-Parameters!$I$4*(2024-Parameters!$J$4))))) -> 52.542513 | C29: =MIN(Parameters!$D$4+IF(Parameters!$K$4=0,Parameters!$E$4*($A29-2024),Parameters!$E$4*((1+Parameters!$K$4)^($A29-2024)-1)/Parameters!$K$4),Parameters!$G$4) -> 74.091108 | D29: =MAX(B29-B28,0) -> 4.2596789 | E29: =MAX(C29-C28,0) -> 6.8768552 | F29: =Parameters!$D$5+(Parameters!$G$5-Parameters!$D$5)*((1/(1+EXP(-Parameters!$I$5*($A29-Parameters!$J$5))))-(1/(1+EXP(-Parameters!$I$5*(2024-Parameters!$J$5)))))/(1-(1/(1+EXP(-Parameters!$I$5*(2024-Parameters!$J$5))))) -> 74.209595 | G29: =MIN(Parameters!$D$5+IF(Parameters!$K$5=0,Parameters!$E$5*($A29-2024),Parameters!$E$5*((1+Parameters!$K$5)^($A29-2024)-1)/Parameters!$K$5),Parameters!$G$5) -> 87.690606 | H29: =MAX(F29-F28,0) -> 4.2896956 | I29: =MAX(G29-G28,0) -> 6.3852669 | J29: =Parameters!$D$6+(Parameters!$G$6-Parameters!$D$6)*((1/(1+EXP(-Parameters!$I$6*($A29-Parameters!$J$6))))-(1/(1+EXP(-Parameters!$I$6*(2024-Parameters!$J$6)))))/(1-(1/(1+EXP(-Parameters!$I$6*(2024-Parameters!$J$6))))) -> 20.521295 | K29: =MIN(Parameters!$D$6+IF(Parameters!$K$6=0,Parameters!$E$6*($A29-2024),Parameters!$E$6*((1+Parameters!$K$6)^($A29-2024)-1)/Parameters!$K$6),Parameters!$G$6) -> 11.182007 | L29: =MAX(J29-J28,0) -> 1.7307152 | M29: =MAX(K29-K28,0) -> 0.4749635 | N29: =Parameters!$D$7+(Parameters!$G$7-Parameters!$D$7)*((1/(1+EXP(-Parameters!$I$7*($A29-Parameters!$J$7))))-(1/(1+EXP(-Parameters!$I$7*(2024-Parameters!$J$7)))))/(1-(1/(1+EXP(-Parameters!$I$7*(2024-Parameters!$J$7))))) -> 20.764658 | O29: =MIN(Parameters!$D$7+IF(Parameters!$K$7=0,Parameters!$E$7*($A29-2024),Parameters!$E$7*((1+Parameters!$K$7)^($A29-2024)-1)/Parameters!$K$7),Parameters!$G$7) -> 7.318 | P29: =MAX(N29-N28,0) -> 1.9013273 | Q29: =MAX(O29-O28,0) -> 0 | R29: =Parameters!$D$8+(Parameters!$G$8-Parameters!$D$8)*((1/(1+EXP(-Parameters!$I$8*($A29-Parameters!$J$8))))-(1/(1+EXP(-Parameters!$I$8*(2024-Parameters!$J$8)))))/(1-(1/(1+EXP(-Parameters!$I$8*(2024-Parameters!$J$8))))) -> 23.718105 | S29: =MIN(Parameters!$D$8+IF(Parameters!$K$8=0,Parameters!$E$8*($A29-2024),Parameters!$E$8*((1+Parameters!$K$8)^($A29-2024)-1)/Parameters!$K$8),Parameters!$G$8) -> 26.01512 | T29: =MAX(R29-R28,0) -> 1.9102157 | U29: =MAX(S29-S28,0) -> 2.2027427 | V29: =Parameters!$D$9+(Parameters!$G$9-Parameters!$D$9)*((1/(1+EXP(-Parameters!$I$9*($A29-Parameters!$J$9))))-(1/(1+EXP(-Parameters!$I$9*(2024-Parameters!$J$9)))))/(1-(1/(1+EXP(-Parameters!$I$9*(2024-Parameters!$J$9))))) -> 15.183595 | W29: =MIN(Parameters!$D$9+IF(Parameters!$K$9=0,Parameters!$E$9*($A29-2024),Parameters!$E$9*((1+Parameters!$K$9)^($A29-2024)-1)/Parameters!$K$9),Parameters!$G$9) -> 12.592084 | X29: =MAX(V29-V28,0) -> 1.1827902 | Y29: =MAX(W29-W28,0) -> 0.94198589 | Z29: =Parameters!$D$10+(Parameters!$G$10-Parameters!$D$10)*((1/(1+EXP(-Parameters!$I$10*($A29-Parameters!$J$10))))-(1/(1+EXP(-Parameters!$I$10*(2024-Parameters!$J$10)))))/(1-(1/(1+EXP(-Parameters!$I$10*(2024-Parameters!$J$10))))) -> 5.3746712 | AA29: =MIN(Parameters!$D$10+IF(Parameters!$K$10=0,Parameters!$E$10*($A29-2024),Parameters!$E$10*((1+Parameters!$K$10)^($A29-2024)-1)/Parameters!$K$10),Parameters!$G$10) -> 5.2287754 | AB29: =MAX(Z29-Z28,0) -> 0.48108489 | AC29: =MAX(AA29-AA28,0) -> 0.43474045 | AD29: =Parameters!$D$11+(Parameters!$G$11-Parameters!$D$11)*((1/(1+EXP(-Parameters!$I$11*($A29-Parameters!$J$11))))-(1/(1+EXP(-Parameters!$I$11*(2024-Parameters!$J$11)))))/(1-(1/(1+EXP(-Parameters!$I$11*(2024-Parameters!$J$11))))) -> 12.197815 | AE29: =MIN(Parameters!$D$11+IF(Parameters!$K$11=0,Parameters!$E$11*($A29-2024),Parameters!$E$11*((1+Parameters!$K$11)^($A29-2024)-1)/Parameters!$K$11),Parameters!$G$11) -> 9.4555734 | AF29: =MAX(AD29-AD28,0) -> 0.93445475 | AG29: =MAX(AE29-AE28,0) -> 0.61426076 | AH29: =Parameters!$D$12+(Parameters!$G$12-Parameters!$D$12)*((1/(1+EXP(-Parameters!$I$12*($A29-Parameters!$J$12))))-(1/(1+EXP(-Parameters!$I$12*(2024-Parameters!$J$12)))))/(1-(1/(1+EXP(-Parameters!$I$12*(2024-Parameters!$J$12))))) -> 12.043115 | AI29: =MIN(Parameters!$D$12+IF(Parameters!$K$12=0,Parameters!$E$12*($A29-2024),Parameters!$E$12*((1+Parameters!$K$12)^($A29-2024)-1)/Parameters!$K$12),Parameters!$G$12) -> 8.8790915 | AJ29: =MAX(AH29-AH28,0) -> 1.4177957 | AK29: =MAX(AI29-AI28,0) -> 1.047872 | AL29: =Parameters!$D$13+(Parameters!$G$13-Parameters!$D$13)*((1/(1+EXP(-Parameters!$I$13*($A29-Parameters!$J$13))))-(1/(1+EXP(-Parameters!$I$13*(2024-Parameters!$J$13)))))/(1-(1/(1+EXP(-Parameters!$I$13*(2024-Parameters!$J$13))))) -> 3.5548475 | AM29: =MIN(Parameters!$D$13+IF(Parameters!$K$13=0,Parameters!$E$13*($A29-2024),Parameters!$E$13*((1+Parameters!$K$13)^($A29-2024)-1)/Parameters!$K$13),Parameters!$G$13) -> 0.12645584 | AN29: =MAX(AL29-AL28,0) -> 0.42388594 | AO29: =MAX(AM29-AM28,0) -> 0.012968712 | AP29: =Parameters!$D$14+(Parameters!$G$14-Parameters!$D$14)*((1/(1+EXP(-Parameters!$I$14*($A29-Parameters!$J$14))))-(1/(1+EXP(-Parameters!$I$14*(2024-Parameters!$J$14)))))/(1-(1/(1+EXP(-Parameters!$I$14*(2024-Parameters!$J$14))))) -> 3.1745283 | AQ29: =MIN(Parameters!$D$14+IF(Parameters!$K$14=0,Parameters!$E$14*($A29-2024),Parameters!$E$14*((1+Parameters!$K$14)^($A29-2024)-1)/Parameters!$K$14),Parameters!$G$14) -> 1.7322259 | AR29: =MAX(AP29-AP28,0) -> 0.3503919 | AS29: =MAX(AQ29-AQ28,0) -> 0.16859326 | AT29: =Parameters!$D$15+(Parameters!$G$15-Parameters!$D$15)*((1/(1+EXP(-Parameters!$I$15*($A29-Parameters!$J$15))))-(1/(1+EXP(-Parameters!$I$15*(2024-Parameters!$J$15)))))/(1-(1/(1+EXP(-Parameters!$I$15*(2024-Parameters!$J$15))))) -> 2.997943 | AU29: =MIN(Parameters!$D$15+IF(Parameters!$K$15=0,Parameters!$E$15*($A29-2024),Parameters!$E$15*((1+Parameters!$K$15)^($A29-2024)-1)/Parameters!$K$15),Parameters!$G$15) -> 5.2621354 | AV29: =MAX(AT29-AT28,0) -> 0.21912559 | AW29: =MAX(AU29-AU28,0) -> 0.53325447
A30: 2036 | B30: =Parameters!$D$4+(Parameters!$G$4-Parameters!$D$4)*((1/(1+EXP(-Parameters!$I$4*($A30-Parameters!$J$4))))-(1/(1+EXP(-Parameters!$I$4*(2024-Parameters!$J$4)))))/(1-(1/(1+EXP(-Parameters!$I$4*(2024-Parameters!$J$4))))) -> 56.802192 | C30: =MIN(Parameters!$D$4+IF(Parameters!$K$4=0,Parameters!$E$4*($A30-2024),Parameters!$E$4*((1+Parameters!$K$4)^($A30-2024)-1)/Parameters!$K$4),Parameters!$G$4) -> 81.380574 | D30: =MAX(B30-B29,0) -> 4.2596789 | E30: =MAX(C30-C29,0) -> 7.2894665 | F30: =Parameters!$D$5+(Parameters!$G$5-Parameters!$D$5)*((1/(1+EXP(-Parameters!$I$5*($A30-Parameters!$J$5))))-(1/(1+EXP(-Parameters!$I$5*(2024-Parameters!$J$5)))))/(1-(1/(1+EXP(-Parameters!$I$5*(2024-Parameters!$J$5))))) -> 78.391993 | G30: =MIN(Parameters!$D$5+IF(Parameters!$K$5=0,Parameters!$E$5*($A30-2024),Parameters!$E$5*((1+Parameters!$K$5)^($A30-2024)-1)/Parameters!$K$5),Parameters!$G$5) -> 94.395136 | H30: =MAX(F30-F29,0) -> 4.1823976 | I30: =MAX(G30-G29,0) -> 6.7045303 | J30: =Parameters!$D$6+(Parameters!$G$6-Parameters!$D$6)*((1/(1+EXP(-Parameters!$I$6*($A30-Parameters!$J$6))))-(1/(1+EXP(-Parameters!$I$6*(2024-Parameters!$J$6)))))/(1-(1/(1+EXP(-Parameters!$I$6*(2024-Parameters!$J$6))))) -> 22.28674 | K30: =MIN(Parameters!$D$6+IF(Parameters!$K$6=0,Parameters!$E$6*($A30-2024),Parameters!$E$6*((1+Parameters!$K$6)^($A30-2024)-1)/Parameters!$K$6),Parameters!$G$6) -> 11.694968 | L30: =MAX(J30-J29,0) -> 1.7654451 | M30: =MAX(K30-K29,0) -> 0.51296058 | N30: =Parameters!$D$7+(Parameters!$G$7-Parameters!$D$7)*((1/(1+EXP(-Parameters!$I$7*($A30-Parameters!$J$7))))-(1/(1+EXP(-Parameters!$I$7*(2024-Parameters!$J$7)))))/(1-(1/(1+EXP(-Parameters!$I$7*(2024-Parameters!$J$7))))) -> 22.742293 | O30: =MIN(Parameters!$D$7+IF(Parameters!$K$7=0,Parameters!$E$7*($A30-2024),Parameters!$E$7*((1+Parameters!$K$7)^($A30-2024)-1)/Parameters!$K$7),Parameters!$G$7) -> 7.318 | P30: =MAX(N30-N29,0) -> 1.9776342 | Q30: =MAX(O30-O29,0) -> 0 | R30: =Parameters!$D$8+(Parameters!$G$8-Parameters!$D$8)*((1/(1+EXP(-Parameters!$I$8*($A30-Parameters!$J$8))))-(1/(1+EXP(-Parameters!$I$8*(2024-Parameters!$J$8)))))/(1-(1/(1+EXP(-Parameters!$I$8*(2024-Parameters!$J$8))))) -> 25.628321 | S30: =MIN(Parameters!$D$8+IF(Parameters!$K$8=0,Parameters!$E$8*($A30-2024),Parameters!$E$8*((1+Parameters!$K$8)^($A30-2024)-1)/Parameters!$K$8),Parameters!$G$8) -> 28.350028 | T30: =MAX(R30-R29,0) -> 1.9102157 | U30: =MAX(S30-S29,0) -> 2.3349072 | V30: =Parameters!$D$9+(Parameters!$G$9-Parameters!$D$9)*((1/(1+EXP(-Parameters!$I$9*($A30-Parameters!$J$9))))-(1/(1+EXP(-Parameters!$I$9*(2024-Parameters!$J$9)))))/(1-(1/(1+EXP(-Parameters!$I$9*(2024-Parameters!$J$9))))) -> 16.366385 | W30: =MIN(Parameters!$D$9+IF(Parameters!$K$9=0,Parameters!$E$9*($A30-2024),Parameters!$E$9*((1+Parameters!$K$9)^($A30-2024)-1)/Parameters!$K$9),Parameters!$G$9) -> 13.590589 | X30: =MAX(V30-V29,0) -> 1.1827902 | Y30: =MAX(W30-W29,0) -> 0.99850504 | Z30: =Parameters!$D$10+(Parameters!$G$10-Parameters!$D$10)*((1/(1+EXP(-Parameters!$I$10*($A30-Parameters!$J$10))))-(1/(1+EXP(-Parameters!$I$10*(2024-Parameters!$J$10)))))/(1-(1/(1+EXP(-Parameters!$I$10*(2024-Parameters!$J$10))))) -> 5.8713854 | AA30: =MIN(Parameters!$D$10+IF(Parameters!$K$10=0,Parameters!$E$10*($A30-2024),Parameters!$E$10*((1+Parameters!$K$10)^($A30-2024)-1)/Parameters!$K$10),Parameters!$G$10) -> 5.6939477 | AB30: =MAX(Z30-Z29,0) -> 0.49671417 | AC30: =MAX(AA30-AA29,0) -> 0.46517228 | AD30: =Parameters!$D$11+(Parameters!$G$11-Parameters!$D$11)*((1/(1+EXP(-Parameters!$I$11*($A30-Parameters!$J$11))))-(1/(1+EXP(-Parameters!$I$11*(2024-Parameters!$J$11)))))/(1-(1/(1+EXP(-Parameters!$I$11*(2024-Parameters!$J$11))))) -> 13.144256 | AE30: =MIN(Parameters!$D$11+IF(Parameters!$K$11=0,Parameters!$E$11*($A30-2024),Parameters!$E$11*((1+Parameters!$K$11)^($A30-2024)-1)/Parameters!$K$11),Parameters!$G$11) -> 10.10669 | AF30: =MAX(AD30-AD29,0) -> 0.94644131 | AG30: =MAX(AE30-AE29,0) -> 0.65111641 | AH30: =Parameters!$D$12+(Parameters!$G$12-Parameters!$D$12)*((1/(1+EXP(-Parameters!$I$12*($A30-Parameters!$J$12))))-(1/(1+EXP(-Parameters!$I$12*(2024-Parameters!$J$12)))))/(1-(1/(1+EXP(-Parameters!$I$12*(2024-Parameters!$J$12))))) -> 13.489361 | AI30: =MIN(Parameters!$D$12+IF(Parameters!$K$12=0,Parameters!$E$12*($A30-2024),Parameters!$E$12*((1+Parameters!$K$12)^($A30-2024)-1)/Parameters!$K$12),Parameters!$G$12) -> 10.031751 | AJ30: =MAX(AH30-AH29,0) -> 1.4462463 | AK30: =MAX(AI30-AI29,0) -> 1.1526591 | AL30: =Parameters!$D$13+(Parameters!$G$13-Parameters!$D$13)*((1/(1+EXP(-Parameters!$I$13*($A30-Parameters!$J$13))))-(1/(1+EXP(-Parameters!$I$13*(2024-Parameters!$J$13)))))/(1-(1/(1+EXP(-Parameters!$I$13*(2024-Parameters!$J$13))))) -> 3.9686782 | AM30: =MIN(Parameters!$D$13+IF(Parameters!$K$13=0,Parameters!$E$13*($A30-2024),Parameters!$E$13*((1+Parameters!$K$13)^($A30-2024)-1)/Parameters!$K$13),Parameters!$G$13) -> 0.14072142 | AN30: =MAX(AL30-AL29,0) -> 0.41383077 | AO30: =MAX(AM30-AM29,0) -> 0.014265584 | AP30: =Parameters!$D$14+(Parameters!$G$14-Parameters!$D$14)*((1/(1+EXP(-Parameters!$I$14*($A30-Parameters!$J$14))))-(1/(1+EXP(-Parameters!$I$14*(2024-Parameters!$J$14)))))/(1-(1/(1+EXP(-Parameters!$I$14*(2024-Parameters!$J$14))))) -> 3.5363036 | AQ30: =MIN(Parameters!$D$14+IF(Parameters!$K$14=0,Parameters!$E$14*($A30-2024),Parameters!$E$14*((1+Parameters!$K$14)^($A30-2024)-1)/Parameters!$K$14),Parameters!$G$14) -> 1.9176784 | AR30: =MAX(AP30-AP29,0) -> 0.36177528 | AS30: =MAX(AQ30-AQ29,0) -> 0.18545259 | AT30: =Parameters!$D$15+(Parameters!$G$15-Parameters!$D$15)*((1/(1+EXP(-Parameters!$I$15*($A30-Parameters!$J$15))))-(1/(1+EXP(-Parameters!$I$15*(2024-Parameters!$J$15)))))/(1-(1/(1+EXP(-Parameters!$I$15*(2024-Parameters!$J$15))))) -> 3.2198794 | AU30: =MIN(Parameters!$D$15+IF(Parameters!$K$15=0,Parameters!$E$15*($A30-2024),Parameters!$E$15*((1+Parameters!$K$15)^($A30-2024)-1)/Parameters!$K$15),Parameters!$G$15) -> 5.8380502 | AV30: =MAX(AT30-AT29,0) -> 0.22193638 | AW30: =MAX(AU30-AU29,0) -> 0.57591483
... A44: 2050 | B44: =Parameters!$D$4+(Parameters!$G$4-Parameters!$D$4)*((1/(1+EXP(-Parameters!$I$4*($A44-Parameters!$J$4))))-(1/(1+EXP(-Parameters!$I$4*(2024-Parameters!$J$4)))))/(1-(1/(1+EXP(-Parameters!$I$4*(2024-Parameters!$J$4))))) -> 94.022886 | C44: =MIN(Parameters!$D$4+IF(Parameters!$K$4=0,Parameters!$E$4*($A44-2024),Parameters!$E$4*((1+Parameters!$K$4)^($A44-2024)-1)/Parameters!$K$4),Parameters!$G$4) -> 100 | D44: =MAX(B44-B43,0) -> 1.0910086 | E44: =MAX(C44-C43,0) -> 0 | F44: =Parameters!$D$5+(Parameters!$G$5-Parameters!$D$5)*((1/(1+EXP(-Parameters!$I$5*($A44-Parameters!$J$5))))-(1/(1+EXP(-Parameters!$I$5*(2024-Parameters!$J$5)))))/(1-(1/(1+EXP(-Parameters!$I$5*(2024-Parameters!$J$5))))) -> 113.27271 | G44: =MIN(Parameters!$D$5+IF(Parameters!$K$5=0,Parameters!$E$5*($A44-2024),Parameters!$E$5*((1+Parameters!$K$5)^($A44-2024)-1)/Parameters!$K$5),Parameters!$G$5) -> 120 | H44: =MAX(F44-F43,0) -> 1.0834976 | I44: =MAX(G44-G43,0) -> 0 | J44: =Parameters!$D$6+(Parameters!$G$6-Parameters!$D$6)*((1/(1+EXP(-Parameters!$I$6*($A44-Parameters!$J$6))))-(1/(1+EXP(-Parameters!$I$6*(2024-Parameters!$J$6)))))/(1-(1/(1+EXP(-Parameters!$I$6*(2024-Parameters!$J$6))))) -> 37.969204 | K44: =MIN(Parameters!$D$6+IF(Parameters!$K$6=0,Parameters!$E$6*($A44-2024),Parameters!$E$6*((1+Parameters!$K$6)^($A44-2024)-1)/Parameters!$K$6),Parameters!$G$6) -> 25.109971 | L44: =MAX(J44-J43,0) -> 0.41853756 | M44: =MAX(K44-K43,0) -> 1.5066645 | N44: =Parameters!$D$7+(Parameters!$G$7-Parameters!$D$7)*((1/(1+EXP(-Parameters!$I$7*($A44-Parameters!$J$7))))-(1/(1+EXP(-Parameters!$I$7*(2024-Parameters!$J$7)))))/(1-(1/(1+EXP(-Parameters!$I$7*(2024-Parameters!$J$7))))) -> 42.201223 | O44: =MIN(Parameters!$D$7+IF(Parameters!$K$7=0,Parameters!$E$7*($A44-2024),Parameters!$E$7*((1+Parameters!$K$7)^($A44-2024)-1)/Parameters!$K$7),Parameters!$G$7) -> 7.318 | P44: =MAX(N44-N43,0) -> 0.5681184 | Q44: =MAX(O44-O43,0) -> 0 | R44: =Parameters!$D$8+(Parameters!$G$8-Parameters!$D$8)*((1/(1+EXP(-Parameters!$I$8*($A44-Parameters!$J$8))))-(1/(1+EXP(-Parameters!$I$8*(2024-Parameters!$J$8)))))/(1-(1/(1+EXP(-Parameters!$I$8*(2024-Parameters!$J$8))))) -> 42.319615 | S44: =MIN(Parameters!$D$8+IF(Parameters!$K$8=0,Parameters!$E$8*($A44-2024),Parameters!$E$8*((1+Parameters!$K$8)^($A44-2024)-1)/Parameters!$K$8),Parameters!$G$8) -> 45 | T44: =MAX(R44-R43,0) -> 0.48925327 | U44: =MAX(S44-S43,0) -> 0 | V44: =Parameters!$D$9+(Parameters!$G$9-Parameters!$D$9)*((1/(1+EXP(-Parameters!$I$9*($A44-Parameters!$J$9))))-(1/(1+EXP(-Parameters!$I$9*(2024-Parameters!$J$9)))))/(1-(1/(1+EXP(-Parameters!$I$9*(2024-Parameters!$J$9))))) -> 27.535359 | W44: =MIN(Parameters!$D$9+IF(Parameters!$K$9=0,Parameters!$E$9*($A44-2024),Parameters!$E$9*((1+Parameters!$K$9)^($A44-2024)-1)/Parameters!$K$9),Parameters!$G$9) -> 30 | X44: =MAX(V44-V43,0) -> 0.38649616 | Y44: =MAX(W44-W43,0) -> 0 | Z44: =Parameters!$D$10+(Parameters!$G$10-Parameters!$D$10)*((1/(1+EXP(-Parameters!$I$10*($A44-Parameters!$J$10))))-(1/(1+EXP(-Parameters!$I$10*(2024-Parameters!$J$10)))))/(1-(1/(1+EXP(-Parameters!$I$10*(2024-Parameters!$J$10))))) -> 11.011736 | AA44: =MIN(Parameters!$D$10+IF(Parameters!$K$10=0,Parameters!$E$10*($A44-2024),Parameters!$E$10*((1+Parameters!$K$10)^($A44-2024)-1)/Parameters!$K$10),Parameters!$G$10) -> 12 | AB44: =MAX(Z44-Z43,0) -> 0.17474974 | AC44: =MAX(AA44-AA43,0) -> 0 | AD44: =Parameters!$D$11+(Parameters!$G$11-Parameters!$D$11)*((1/(1+EXP(-Parameters!$I$11*($A44-Parameters!$J$11))))-(1/(1+EXP(-Parameters!$I$11*(2024-Parameters!$J$11)))))/(1-(1/(1+EXP(-Parameters!$I$11*(2024-Parameters!$J$11))))) -> 22.718586 | AE44: =MIN(Parameters!$D$11+IF(Parameters!$K$11=0,Parameters!$E$11*($A44-2024),Parameters!$E$11*((1+Parameters!$K$11)^($A44-2024)-1)/Parameters!$K$11),Parameters!$G$11) -> 24.610939 | AF44: =MAX(AD44-AD43,0) -> 0.35188856 | AG44: =MAX(AE44-AE43,0) -> 1.4721117 | AH44: =Parameters!$D$12+(Parameters!$G$12-Parameters!$D$12)*((1/(1+EXP(-Parameters!$I$12*($A44-Parameters!$J$12))))-(1/(1+EXP(-Parameters!$I$12*(2024-Parameters!$J$12)))))/(1-(1/(1+EXP(-Parameters!$I$12*(2024-Parameters!$J$12))))) -> 26.336379 | AI44: =MIN(Parameters!$D$12+IF(Parameters!$K$12=0,Parameters!$E$12*($A44-2024),Parameters!$E$12*((1+Parameters!$K$12)^($A44-2024)-1)/Parameters!$K$12),Parameters!$G$12) -> 28 | AJ44: =MAX(AH44-AH43,0) -> 0.34286447 | AK44: =MAX(AI44-AI43,0) -> 0 | AL44: =Parameters!$D$13+(Parameters!$G$13-Parameters!$D$13)*((1/(1+EXP(-Parameters!$I$13*($A44-Parameters!$J$13))))-(1/(1+EXP(-Parameters!$I$13*(2024-Parameters!$J$13)))))/(1-(1/(1+EXP(-Parameters!$I$13*(2024-Parameters!$J$13))))) -> 6.7775419 | AM44: =MIN(Parameters!$D$13+IF(Parameters!$K$13=0,Parameters!$E$13*($A44-2024),Parameters!$E$13*((1+Parameters!$K$13)^($A44-2024)-1)/Parameters!$K$13),Parameters!$G$13) -> 0.57970883 | AN44: =MAX(AL44-AL43,0) -> 0.052794526 | AO44: =MAX(AM44-AM43,0) -> 0.05417353 | AP44: =Parameters!$D$14+(Parameters!$G$14-Parameters!$D$14)*((1/(1+EXP(-Parameters!$I$14*($A44-Parameters!$J$14))))-(1/(1+EXP(-Parameters!$I$14*(2024-Parameters!$J$14)))))/(1-(1/(1+EXP(-Parameters!$I$14*(2024-Parameters!$J$14))))) -> 7.280211 | AQ44: =MIN(Parameters!$D$14+IF(Parameters!$K$14=0,Parameters!$E$14*($A44-2024),Parameters!$E$14*((1+Parameters!$K$14)^($A44-2024)-1)/Parameters!$K$14),Parameters!$G$14) -> 7.6245147 | AR44: =MAX(AP44-AP43,0) -> 0.12727669 | AS44: =MAX(AQ44-AQ43,0) -> 0.70425589 | AT44: =Parameters!$D$15+(Parameters!$G$15-Parameters!$D$15)*((1/(1+EXP(-Parameters!$I$15*($A44-Parameters!$J$15))))-(1/(1+EXP(-Parameters!$I$15*(2024-Parameters!$J$15)))))/(1-(1/(1+EXP(-Parameters!$I$15*(2024-Parameters!$J$15))))) -> 5.4650184 | AU44: =MIN(Parameters!$D$15+IF(Parameters!$K$15=0,Parameters!$E$15*($A44-2024),Parameters!$E$15*((1+Parameters!$K$15)^($A44-2024)-1)/Parameters!$K$15),Parameters!$G$15) -> 6 | AV44: =MAX(AT44-AT43,0) -> 0.082516342 | AW44: =MAX(AU44-AU43,0) -> 0

Sheet Comparison
A1: Original & Updated vs Tool: pure-Logistic, pure-Geometric, and MAX/MIN bracket (headroom-scaled). GW/yr, 2024-2050.
B2: Brazil Utility solar | H2: Brazil Onshore wind | N2: Mexico Utility solar | T2: Mexico Onshore wind | Z2: Chile Utility solar | AF2: Chile Onshore wind | AL2: Argentina Utility solar | AR2: Argentina Onshore wind | AX2: Colombia Utility solar | BD2: Colombia Onshore wind | BJ2: Peru Utility solar | BP2: Peru Onshore wind
A3: Year | B3: Original | C3: Updated | D3: Tool-Log | E3: Tool-Geo | F3: Tool-MAX | G3: Tool-MIN | H3: Original | I3: Updated | J3: Tool-Log | K3: Tool-Geo | L3: Tool-MAX | M3: Tool-MIN | N3: Original | O3: Updated | P3: Tool-Log | Q3: Tool-Geo | R3: Tool-MAX | S3: Tool-MIN | T3: Original | U3: Updated | V3: Tool-Log | W3: Tool-Geo | X3: Tool-MAX | Y3: Tool-MIN | Z3: Original | AA3: Updated | AB3: Tool-Log | AC3: Tool-Geo | AD3: Tool-MAX | AE3: Tool-MIN | AF3: Original | AG3: Updated | AH3: Tool-Log | AI3: Tool-Geo | AJ3: Tool-MAX | AK3: Tool-MIN | AL3: Original | AM3: Updated | AN3: Tool-Log | AO3: Tool-Geo | AP3: Tool-MAX | AQ3: Tool-MIN | AR3: Original | AS3: Updated | AT3: Tool-Log | AU3: Tool-Geo | AV3: Tool-MAX | AW3: Tool-MIN | AX3: Original | AY3: Updated | AZ3: Tool-Log | BA3: Tool-Geo | BB3: Tool-MAX | BC3: Tool-MIN | BD3: Original | BE3: Updated | BF3: Tool-Log | BG3: Tool-Geo | BH3: Tool-MAX | BI3: Tool-MIN | BJ3: Original | BK3: Updated | BL3: Tool-Log | BM3: Tool-Geo | BN3: Tool-MAX | BO3: Tool-MIN | BP3: Original | BQ3: Updated | BR3: Tool-Log | BS3: Tool-Geo | BT3: Tool-MAX | BU3: Tool-MIN
A4: 2024 | B4: 5.5 | C4: 5.5 | D4: =Trajectory!D18 -> 5.6 | E4: =Trajectory!E18 -> 5.6 | F4: =MAX(D4,E4) -> 5.6 | G4: =MIN(D4,E4) -> 5.6 | H4: 3.5 | I4: 3.5 | J4: =Trajectory!H18 -> 3 | K4: =Trajectory!I18 -> 3 | L4: =MAX(J4,K4) -> 3 | M4: =MIN(J4,K4) -> 3 | N4: 0.8942 | O4: 0.8942 | P4: =Trajectory!L18 -> 0 | Q4: =Trajectory!M18 -> 0 | R4: =MAX(P4,Q4) -> 0 | S4: =MIN(P4,Q4) -> 0 | T4: 0.8942 | U4: 0.8942 | V4: =Trajectory!P18 -> 0 | W4: =Trajectory!Q18 -> 0 | X4: =MAX(V4,W4) -> 0 | Y4: =MIN(V4,W4) -> 0 | Z4: 0.345 | AA4: 0.345 | AB4: =Trajectory!T18 -> 0.6 | AC4: =Trajectory!U18 -> 0.6 | AD4: =MAX(AB4,AC4) -> 0.6 | AE4: =MIN(AB4,AC4) -> 0.6 | AF4: 0.345 | AG4: 0.345 | AH4: =Trajectory!X18 -> 0.184 | AI4: =Trajectory!Y18 -> 0.184 | AJ4: =MAX(AH4,AI4) -> 0.184 | AK4: =MIN(AH4,AI4) -> 0.184 | AL4: 0.4583 | AM4: 0.4583 | AN4: =Trajectory!AB18 -> 0.3353 | AO4: =Trajectory!AC18 -> 0.3353 | AP4: =MAX(AN4,AO4) -> 0.3353 | AQ4: =MIN(AN4,AO4) -> 0.3353 | AR4: 0.4583 | AS4: 0.4583 | AT4: =Trajectory!AF18 -> 0.614 | AU4: =Trajectory!AG18 -> 0.614 | AV4: =MAX(AT4,AU4) -> 0.614 | AW4: =MIN(AT4,AU4) -> 0.614 | AX4: 0.2 | AY4: 0.2 | AZ4: =Trajectory!AJ18 -> 0.6765 | BA4: =Trajectory!AK18 -> 0.6765 | BB4: =MAX(AZ4,BA4) -> 0.6765 | BC4: =MIN(AZ4,BA4) -> 0.6765 | BD4: 0.2 | BE4: 0.2 | BF4: =Trajectory!AN18 -> 0 | BG4: =Trajectory!AO18 -> 0 | BH4: =MAX(BF4,BG4) -> 0 | BI4: =MIN(BF4,BG4) -> 0 | BJ4: 0.1638 | BK4: 0.1638 | BL4: =Trajectory!AR18 -> 0.0805 | BM4: =Trajectory!AS18 -> 0.0805 | BN4: =MAX(BL4,BM4) -> 0.0805 | BO4: =MIN(BL4,BM4) -> 0.0805 | BP4: 0.1788 | BQ4: 0.1788 | BR4: =Trajectory!AV18 -> 0.1357 | BS4: =Trajectory!AW18 -> 0.1357 | BT4: =MAX(BR4,BS4) -> 0.1357 | BU4: =MIN(BR4,BS4) -> 0.1357
A5: 2025 | B5: 5.5 | C5: 10 | D5: =Trajectory!D19*(Parameters!$L$4+(Parameters!$M$4-Parameters!$L$4)*(2025-2025)/25) -> 2.338579 | E5: =Trajectory!E19*(Parameters!$L$4+(Parameters!$M$4-Parameters!$L$4)*(2025-2025)/25) -> 4.608 | F5: =MAX(D5,E5) -> 4.608 | G5: =MIN(D5,E5) -> 2.338579 | H5: 3.5 | I5: 5 | J5: =Trajectory!H19*(Parameters!$L$5+(Parameters!$M$5-Parameters!$L$5)*(2025-2025)/25) -> 3.3967456 | K5: =Trajectory!I19*(Parameters!$L$5+(Parameters!$M$5-Parameters!$L$5)*(2025-2025)/25) -> 4.704 | L5: =MAX(J5,K5) -> 4.704 | M5: =MIN(J5,K5) -> 3.3967456 | N5: 1 | O5: 4.7994 | P5: =Trajectory!L19*(Parameters!$L$6+(Parameters!$M$6-Parameters!$L$6)*(2025-2025)/25) -> 0.76348153 | Q5: =Trajectory!M19*(Parameters!$L$6+(Parameters!$M$6-Parameters!$L$6)*(2025-2025)/25) -> 0.286 | R5: =MAX(P5,Q5) -> 0.76348153 | S5: =MIN(P5,Q5) -> 0.286 | T5: 0.9 | U5: 1.351 | V5: =Trajectory!P19*(Parameters!$L$7+(Parameters!$M$7-Parameters!$L$7)*(2025-2025)/25) -> 0.73855392 | W5: =Trajectory!Q19*(Parameters!$L$7+(Parameters!$M$7-Parameters!$L$7)*(2025-2025)/25) -> 0 | X5: =MAX(V5,W5) -> 0.73855392 | Y5: =MIN(V5,W5) -> 0 | Z5: 2.2 | AA5: 5.13 | AB5: =Trajectory!T19*(Parameters!$L$8+(Parameters!$M$8-Parameters!$L$8)*(2025-2025)/25) -> 1.0487153 | AC5: =Trajectory!U19*(Parameters!$L$8+(Parameters!$M$8-Parameters!$L$8)*(2025-2025)/25) -> 1.476 | AD5: =MAX(AB5,AC5) -> 1.476 | AE5: =MIN(AB5,AC5) -> 1.0487153 | AF5: 1.2 | AG5: 1.2607 | AH5: =Trajectory!X19*(Parameters!$L$9+(Parameters!$M$9-Parameters!$L$9)*(2025-2025)/25) -> 0.75354844 | AI5: =Trajectory!Y19*(Parameters!$L$9+(Parameters!$M$9-Parameters!$L$9)*(2025-2025)/25) -> 0.6312 | AJ5: =MAX(AH5,AI5) -> 0.75354844 | AK5: =MIN(AH5,AI5) -> 0.6312 | AL5: 0.7 | AM5: 1.5336 | AN5: =Trajectory!AB19*(Parameters!$L$10+(Parameters!$M$10-Parameters!$L$10)*(2025-2025)/25) -> 0.22717466 | AO5: =Trajectory!AC19*(Parameters!$L$10+(Parameters!$M$10-Parameters!$L$10)*(2025-2025)/25) -> 0.2873 | AP5: =MAX(AN5,AO5) -> 0.2873 | AQ5: =MIN(AN5,AO5) -> 0.22717466 | AR5: 0.3 | AS5: 1.4371 | AT5: =Trajectory!AF19*(Parameters!$L$11+(Parameters!$M$11-Parameters!$L$11)*(2025-2025)/25) -> 0.56103673 | AU5: =Trajectory!AG19*(Parameters!$L$11+(Parameters!$M$11-Parameters!$L$11)*(2025-2025)/25) -> 0.42875 | AV5: =MAX(AT5,AU5) -> 0.56103673 | AW5: =MIN(AT5,AU5) -> 0.42875 | AX5: 1.2 | AY5: 2.2 | AZ5: =Trajectory!AJ19*(Parameters!$L$12+(Parameters!$M$12-Parameters!$L$12)*(2025-2025)/25) -> 0.62544135 | BA5: =Trajectory!AK19*(Parameters!$L$12+(Parameters!$M$12-Parameters!$L$12)*(2025-2025)/25) -> 0.5252 | BB5: =MAX(AZ5,BA5) -> 0.62544135 | BC5: =MIN(AZ5,BA5) -> 0.5252 | BD5: 0.4969 | BE5: 0.464 | BF5: =Trajectory!AN19*(Parameters!$L$13+(Parameters!$M$13-Parameters!$L$13)*(2025-2025)/25) -> 0.23365656 | BG5: =Trajectory!AO19*(Parameters!$L$13+(Parameters!$M$13-Parameters!$L$13)*(2025-2025)/25) -> 0.007 | BH5: =MAX(BF5,BG5) -> 0.23365656 | BI5: =MIN(BF5,BG5) -> 0.007 | BJ5: 0.5 | BK5: 0.2624 | BL5: =Trajectory!AR19*(Parameters!$L$14+(Parameters!$M$14-Parameters!$L$14)*(2025-2025)/25) -> 0.1654597 | BM5: =Trajectory!AS19*(Parameters!$L$14+(Parameters!$M$14-Parameters!$L$14)*(2025-2025)/25) -> 0.0845 | BN5: =MAX(BL5,BM5) -> 0.1654597 | BO5: =MIN(BL5,BM5) -> 0.0845 | BP5: 0.25 | BQ5: 0.0443 | BR5: =Trajectory!AV19*(Parameters!$L$15+(Parameters!$M$15-Parameters!$L$15)*(2025-2025)/25) -> 0.13156068 | BS5: =Trajectory!AW19*(Parameters!$L$15+(Parameters!$M$15-Parameters!$L$15)*(2025-2025)/25) -> 0.30875 | BT5: =MAX(BR5,BS5) -> 0.30875 | BU5: =MIN(BR5,BS5) -> 0.13156068
A6: 2026 | B6: 5.5 | C6: 10 | D6: =Trajectory!D20*(Parameters!$L$4+(Parameters!$M$4-Parameters!$L$4)*(2026-2025)/25) -> 2.6865505 | E6: =Trajectory!E20*(Parameters!$L$4+(Parameters!$M$4-Parameters!$L$4)*(2026-2025)/25) -> 4.9333248 | F6: =MAX(D6,E6) -> 4.9333248 | G6: =MIN(D6,E6) -> 2.6865505 | H6: 3.5 | I6: 5 | J6: =Trajectory!H20*(Parameters!$L$5+(Parameters!$M$5-Parameters!$L$5)*(2026-2025)/25) -> 3.7547472 | K6: =Trajectory!I20*(Parameters!$L$5+(Parameters!$M$5-Parameters!$L$5)*(2026-2025)/25) -> 4.988592 | L6: =MAX(J6,K6) -> 4.988592 | M6: =MIN(J6,K6) -> 3.7547472 | N6: 1 | O6: 4.7994 | P6: =Trajectory!L20*(Parameters!$L$6+(Parameters!$M$6-Parameters!$L$6)*(2026-2025)/25) -> 0.90414117 | Q6: =Trajectory!M20*(Parameters!$L$6+(Parameters!$M$6-Parameters!$L$6)*(2026-2025)/25) -> 0.3117312 | R6: =MAX(P6,Q6) -> 0.90414117 | S6: =MIN(P6,Q6) -> 0.3117312 | T6: 0.9 | U6: 1.351 | V6: =Trajectory!P20*(Parameters!$L$7+(Parameters!$M$7-Parameters!$L$7)*(2026-2025)/25) -> 0.88045949 | W6: =Trajectory!Q20*(Parameters!$L$7+(Parameters!$M$7-Parameters!$L$7)*(2026-2025)/25) -> 0 | X6: =MAX(V6,W6) -> 0.88045949 | Y6: =MIN(V6,W6) -> 0 | Z6: 2.2 | AA6: 5.13 | AB6: =Trajectory!T20*(Parameters!$L$8+(Parameters!$M$8-Parameters!$L$8)*(2026-2025)/25) -> 1.2047601 | AC6: =Trajectory!U20*(Parameters!$L$8+(Parameters!$M$8-Parameters!$L$8)*(2026-2025)/25) -> 1.5802056 | AD6: =MAX(AB6,AC6) -> 1.5802056 | AE6: =MIN(AB6,AC6) -> 1.2047601 | AF6: 1.2 | AG6: 1.2607 | AH6: =Trajectory!X20*(Parameters!$L$9+(Parameters!$M$9-Parameters!$L$9)*(2026-2025)/25) -> 0.8462907 | AI6: =Trajectory!Y20*(Parameters!$L$9+(Parameters!$M$9-Parameters!$L$9)*(2026-2025)/25) -> 0.67576272 | AJ6: =MAX(AH6,AI6) -> 0.8462907 | AK6: =MIN(AH6,AI6) -> 0.67576272 | AL6: 0.7 | AM6: 1.5336 | AN6: =Trajectory!AB20*(Parameters!$L$10+(Parameters!$M$10-Parameters!$L$10)*(2026-2025)/25) -> 0.26442046 | AO6: =Trajectory!AC20*(Parameters!$L$10+(Parameters!$M$10-Parameters!$L$10)*(2026-2025)/25) -> 0.31024864 | AP6: =MAX(AN6,AO6) -> 0.31024864 | AQ6: =MIN(AN6,AO6) -> 0.26442046 | AR6: 0.3 | AS6: 1.4371 | AT6: =Trajectory!AF20*(Parameters!$L$11+(Parameters!$M$11-Parameters!$L$11)*(2026-2025)/25) -> 0.63412555 | AU6: =Trajectory!AG20*(Parameters!$L$11+(Parameters!$M$11-Parameters!$L$11)*(2026-2025)/25) -> 0.45883796 | AV6: =MAX(AT6,AU6) -> 0.63412555 | AW6: =MIN(AT6,AU6) -> 0.45883796 | AX6: 1.2 | AY6: 2.2 | AZ6: =Trajectory!AJ20*(Parameters!$L$12+(Parameters!$M$12-Parameters!$L$12)*(2026-2025)/25) -> 0.74066921 | BA6: =Trajectory!AK20*(Parameters!$L$12+(Parameters!$M$12-Parameters!$L$12)*(2026-2025)/25) -> 0.5830528 | BB6: =MAX(AZ6,BA6) -> 0.74066921 | BC6: =MIN(AZ6,BA6) -> 0.5830528 | BD6: 0.1 | BE6: 0.464 | BF6: =Trajectory!AN20*(Parameters!$L$13+(Parameters!$M$13-Parameters!$L$13)*(2026-2025)/25) -> 0.27830582 | BG6: =Trajectory!AO20*(Parameters!$L$13+(Parameters!$M$13-Parameters!$L$13)*(2026-2025)/25) -> 0.007766 | BH6: =MAX(BF6,BG6) -> 0.27830582 | BI6: =MIN(BF6,BG6) -> 0.007766 | BJ6: 0.5 | BK6: 0.2624 | BL6: =Trajectory!AR20*(Parameters!$L$14+(Parameters!$M$14-Parameters!$L$14)*(2026-2025)/25) -> 0.19258719 | BM6: =Trajectory!AS20*(Parameters!$L$14+(Parameters!$M$14-Parameters!$L$14)*(2026-2025)/25) -> 0.093808 | BN6: =MAX(BL6,BM6) -> 0.19258719 | BO6: =MIN(BL6,BM6) -> 0.093808 | BP6: 0.25 | BQ6: 0.0443 | BR6: =Trajectory!AV20*(Parameters!$L$15+(Parameters!$M$15-Parameters!$L$15)*(2026-2025)/25) -> 0.14869969 | BS6: =Trajectory!AW20*(Parameters!$L$15+(Parameters!$M$15-Parameters!$L$15)*(2026-2025)/25) -> 0.33665112 | BT6: =MAX(BR6,BS6) -> 0.33665112 | BU6: =MIN(BR6,BS6) -> 0.14869969
A7: 2027 | B7: 5.5 | C7: 10 | D7: =Trajectory!D21*(Parameters!$L$4+(Parameters!$M$4-Parameters!$L$4)*(2027-2025)/25) -> 3.0601295 | E7: =Trajectory!E21*(Parameters!$L$4+(Parameters!$M$4-Parameters!$L$4)*(2027-2025)/25) -> 5.2810998 | F7: =MAX(D7,E7) -> 5.2810998 | G7: =MIN(D7,E7) -> 3.0601295 | H7: 3.5 | I7: 5 | J7: =Trajectory!H21*(Parameters!$L$5+(Parameters!$M$5-Parameters!$L$5)*(2027-2025)/25) -> 4.1124592 | K7: =Trajectory!I21*(Parameters!$L$5+(Parameters!$M$5-Parameters!$L$5)*(2027-2025)/25) -> 5.2898832 | L7: =MAX(J7,K7) -> 5.2898832 | M7: =MIN(J7,K7) -> 4.1124592 | N7: 1.4069 | O7: 4.7994 | P7: =Trajectory!L21*(Parameters!$L$6+(Parameters!$M$6-Parameters!$L$6)*(2027-2025)/25) -> 1.0623046 | Q7: =Trajectory!M21*(Parameters!$L$6+(Parameters!$M$6-Parameters!$L$6)*(2027-2025)/25) -> 0.33974899 | R7: =MAX(P7,Q7) -> 1.0623046 | S7: =MIN(P7,Q7) -> 0.33974899 | T7: 0.9 | U7: 1.351 | V7: =Trajectory!P21*(Parameters!$L$7+(Parameters!$M$7-Parameters!$L$7)*(2027-2025)/25) -> 1.0425833 | W7: =Trajectory!Q21*(Parameters!$L$7+(Parameters!$M$7-Parameters!$L$7)*(2027-2025)/25) -> 0 | X7: =MAX(V7,W7) -> 1.0425833 | Y7: =MIN(V7,W7) -> 0 | Z7: 2.2 | AA7: 5.13 | AB7: =Trajectory!T21*(Parameters!$L$8+(Parameters!$M$8-Parameters!$L$8)*(2027-2025)/25) -> 1.3722883 | AC7: =Trajectory!U21*(Parameters!$L$8+(Parameters!$M$8-Parameters!$L$8)*(2027-2025)/25) -> 1.6916023 | AD7: =MAX(AB7,AC7) -> 1.6916023 | AE7: =MIN(AB7,AC7) -> 1.3722883 | AF7: 1.2 | AG7: 1.2607 | AH7: =Trajectory!X21*(Parameters!$L$9+(Parameters!$M$9-Parameters!$L$9)*(2027-2025)/25) -> 0.94321137 | AI7: =Trajectory!Y21*(Parameters!$L$9+(Parameters!$M$9-Parameters!$L$9)*(2027-2025)/25) -> 0.72340065 | AJ7: =MAX(AH7,AI7) -> 0.94321137 | AK7: =MIN(AH7,AI7) -> 0.72340065 | AL7: 0.7 | AM7: 1.5336 | AN7: =Trajectory!AB21*(Parameters!$L$10+(Parameters!$M$10-Parameters!$L$10)*(2027-2025)/25) -> 0.30576401 | AO7: =Trajectory!AC21*(Parameters!$L$10+(Parameters!$M$10-Parameters!$L$10)*(2027-2025)/25) -> 0.33500232 | AP7: =MAX(AN7,AO7) -> 0.33500232 | AQ7: =MIN(AN7,AO7) -> 0.30576401 | AR7: 0.3 | AS7: 1.4371 | AT7: =Trajectory!AF21*(Parameters!$L$11+(Parameters!$M$11-Parameters!$L$11)*(2027-2025)/25) -> 0.71182353 | AU7: =Trajectory!AG21*(Parameters!$L$11+(Parameters!$M$11-Parameters!$L$11)*(2027-2025)/25) -> 0.49099298 | AV7: =MAX(AT7,AU7) -> 0.71182353 | AW7: =MIN(AT7,AU7) -> 0.49099298 | AX7: 2.222 | AY7: 2.2 | AZ7: =Trajectory!AJ21*(Parameters!$L$12+(Parameters!$M$12-Parameters!$L$12)*(2027-2025)/25) -> 0.87023614 | BA7: =Trajectory!AK21*(Parameters!$L$12+(Parameters!$M$12-Parameters!$L$12)*(2027-2025)/25) -> 0.64722416 | BB7: =MAX(AZ7,BA7) -> 0.87023614 | BC7: =MIN(AZ7,BA7) -> 0.64722416 | BD7: 0.7615 | BE7: 0.464 | BF7: =Trajectory!AN21*(Parameters!$L$13+(Parameters!$M$13-Parameters!$L$13)*(2027-2025)/25) -> 0.32776008 | BG7: =Trajectory!AO21*(Parameters!$L$13+(Parameters!$M$13-Parameters!$L$13)*(2027-2025)/25) -> 0.0086152 | BH7: =MAX(BF7,BG7) -> 0.32776008 | BI7: =MIN(BF7,BG7) -> 0.0086152 | BJ7: 0.5 | BK7: 0.2624 | BL7: =Trajectory!AR21*(Parameters!$L$14+(Parameters!$M$14-Parameters!$L$14)*(2027-2025)/25) -> 0.22269922 | BM7: =Trajectory!AS21*(Parameters!$L$14+(Parameters!$M$14-Parameters!$L$14)*(2027-2025)/25) -> 0.1041326 | BN7: =MAX(BL7,BM7) -> 0.22269922 | BO7: =MIN(BL7,BM7) -> 0.1041326 | BP7: 0.25 | BQ7: 0.0443 | BR7: =Trajectory!AV21*(Parameters!$L$15+(Parameters!$M$15-Parameters!$L$15)*(2027-2025)/25) -> 0.16691953 | BS7: =Trajectory!AW21*(Parameters!$L$15+(Parameters!$M$15-Parameters!$L$15)*(2027-2025)/25) -> 0.36704042 | BT7: =MAX(BR7,BS7) -> 0.36704042 | BU7: =MIN(BR7,BS7) -> 0.16691953
A8: 2028 | B8: 5.5 | C8: 10 | D8: =Trajectory!D22*(Parameters!$L$4+(Parameters!$M$4-Parameters!$L$4)*(2028-2025)/25) -> 3.4524069 | E8: =Trajectory!E22*(Parameters!$L$4+(Parameters!$M$4-Parameters!$L$4)*(2028-2025)/25) -> 5.6528478 | F8: =MAX(D8,E8) -> 5.6528478 | G8: =MIN(D8,E8) -> 3.4524069 | H8: 3.5 | I8: 5 | J8: =Trajectory!H22*(Parameters!$L$5+(Parameters!$M$5-Parameters!$L$5)*(2028-2025)/25) -> 4.4595799 | K8: =Trajectory!I22*(Parameters!$L$5+(Parameters!$M$5-Parameters!$L$5)*(2028-2025)/25) -> 5.608832 | L8: =MAX(J8,K8) -> 5.608832 | M8: =MIN(J8,K8) -> 4.4595799 | N8: 1 | O8: 4.7994 | P8: =Trajectory!L22*(Parameters!$L$6+(Parameters!$M$6-Parameters!$L$6)*(2028-2025)/25) -> 1.2367545 | Q8: =Trajectory!M22*(Parameters!$L$6+(Parameters!$M$6-Parameters!$L$6)*(2028-2025)/25) -> 0.37025455 | R8: =MAX(P8,Q8) -> 1.2367545 | S8: =MIN(P8,Q8) -> 0.37025455 | T8: 2.4947 | U8: 1.351 | V8: =Trajectory!P22*(Parameters!$L$7+(Parameters!$M$7-Parameters!$L$7)*(2028-2025)/25) -> 1.2248641 | W8: =Trajectory!Q22*(Parameters!$L$7+(Parameters!$M$7-Parameters!$L$7)*(2028-2025)/25) -> 0 | X8: =MAX(V8,W8) -> 1.2248641 | Y8: =MIN(V8,W8) -> 0 | Z8: 2.2 | AA8: 5.13 | AB8: =Trajectory!T22*(Parameters!$L$8+(Parameters!$M$8-Parameters!$L$8)*(2028-2025)/25) -> 1.5482017 | AC8: =Trajectory!U22*(Parameters!$L$8+(Parameters!$M$8-Parameters!$L$8)*(2028-2025)/25) -> 1.8106778 | AD8: =MAX(AB8,AC8) -> 1.8106778 | AE8: =MIN(AB8,AC8) -> 1.5482017 | AF8: 1.2 | AG8: 1.2607 | AH8: =Trajectory!X22*(Parameters!$L$9+(Parameters!$M$9-Parameters!$L$9)*(2028-2025)/25) -> 1.0424192 | AI8: =Trajectory!Y22*(Parameters!$L$9+(Parameters!$M$9-Parameters!$L$9)*(2028-2025)/25) -> 0.77432238 | AJ8: =MAX(AH8,AI8) -> 1.0424192 | AK8: =MIN(AH8,AI8) -> 0.77432238 | AL8: 0.7 | AM8: 1.5336 | AN8: =Trajectory!AB22*(Parameters!$L$10+(Parameters!$M$10-Parameters!$L$10)*(2028-2025)/25) -> 0.3509348 | AO8: =Trajectory!AC22*(Parameters!$L$10+(Parameters!$M$10-Parameters!$L$10)*(2028-2025)/25) -> 0.3617013 | AP8: =MAX(AN8,AO8) -> 0.3617013 | AQ8: =MIN(AN8,AO8) -> 0.3509348 | AR8: 0.3 | AS8: 1.4371 | AT8: =Trajectory!AF22*(Parameters!$L$11+(Parameters!$M$11-Parameters!$L$11)*(2028-2025)/25) -> 0.79296597 | AU8: =Trajectory!AG22*(Parameters!$L$11+(Parameters!$M$11-Parameters!$L$11)*(2028-2025)/25) -> 0.52535478 | AV8: =MAX(AT8,AU8) -> 0.79296597 | AW8: =MIN(AT8,AU8) -> 0.52535478 | AX8: 2.222 | AY8: 2.2 | AZ8: =Trajectory!AJ22*(Parameters!$L$12+(Parameters!$M$12-Parameters!$L$12)*(2028-2025)/25) -> 1.0131448 | BA8: =Trajectory!AK22*(Parameters!$L$12+(Parameters!$M$12-Parameters!$L$12)*(2028-2025)/25) -> 0.71839926 | BB8: =MAX(AZ8,BA8) -> 1.0131448 | BC8: =MIN(AZ8,BA8) -> 0.71839926 | BD8: 0.4686 | BE8: 0.464 | BF8: =Trajectory!AN22*(Parameters!$L$13+(Parameters!$M$13-Parameters!$L$13)*(2028-2025)/25) -> 0.38094874 | BG8: =Trajectory!AO22*(Parameters!$L$13+(Parameters!$M$13-Parameters!$L$13)*(2028-2025)/25) -> 0.00955658 | BH8: =MAX(BF8,BG8) -> 0.38094874 | BI8: =MIN(BF8,BG8) -> 0.00955658 | BJ8: 0.5 | BK8: 0.2624 | BL8: =Trajectory!AR22*(Parameters!$L$14+(Parameters!$M$14-Parameters!$L$14)*(2028-2025)/25) -> 0.25559878 | BM8: =Trajectory!AS22*(Parameters!$L$14+(Parameters!$M$14-Parameters!$L$14)*(2028-2025)/25) -> 0.11558404 | BN8: =MAX(BL8,BM8) -> 0.25559878 | BO8: =MIN(BL8,BM8) -> 0.11558404 | BP8: 0.25 | BQ8: 0.0443 | BR8: =Trajectory!AV22*(Parameters!$L$15+(Parameters!$M$15-Parameters!$L$15)*(2028-2025)/25) -> 0.18594708 | BS8: =Trajectory!AW22*(Parameters!$L$15+(Parameters!$M$15-Parameters!$L$15)*(2028-2025)/25) -> 0.40013744 | BT8: =MAX(BR8,BS8) -> 0.40013744 | BU8: =MIN(BR8,BS8) -> 0.18594708
A9: 2029 | B9: 5.5 | C9: 10 | D9: =Trajectory!D23*(Parameters!$L$4+(Parameters!$M$4-Parameters!$L$4)*(2029-2025)/25) -> 3.8535566 | E9: =Trajectory!E23*(Parameters!$L$4+(Parameters!$M$4-Parameters!$L$4)*(2029-2025)/25) -> 6.0501936 | F9: =MAX(D9,E9) -> 6.0501936 | G9: =MIN(D9,E9) -> 3.8535566 | H9: 3.5 | I9: 5 | J9: =Trajectory!H23*(Parameters!$L$5+(Parameters!$M$5-Parameters!$L$5)*(2029-2025)/25) -> 4.7845768 | K9: =Trajectory!I23*(Parameters!$L$5+(Parameters!$M$5-Parameters!$L$5)*(2029-2025)/25) -> 5.9464511 | L9: =MAX(J9,K9) -> 5.9464511 | M9: =MIN(J9,K9) -> 4.7845768 | N9: 1 | O9: 4.7994 | P9: =Trajectory!L23*(Parameters!$L$6+(Parameters!$M$6-Parameters!$L$6)*(2029-2025)/25) -> 1.4247448 | Q9: =Trajectory!M23*(Parameters!$L$6+(Parameters!$M$6-Parameters!$L$6)*(2029-2025)/25) -> 0.40346661 | R9: =MAX(P9,Q9) -> 1.4247448 | S9: =MIN(P9,Q9) -> 0.40346661 | T9: 0.9 | U9: 1.351 | V9: =Trajectory!P23*(Parameters!$L$7+(Parameters!$M$7-Parameters!$L$7)*(2029-2025)/25) -> 1.4258941 | W9: =Trajectory!Q23*(Parameters!$L$7+(Parameters!$M$7-Parameters!$L$7)*(2029-2025)/25) -> 0 | X9: =MAX(V9,W9) -> 1.4258941 | Y9: =MIN(V9,W9) -> 0 | Z9: 2.2 | AA9: 5.13 | AB9: =Trajectory!T23*(Parameters!$L$8+(Parameters!$M$8-Parameters!$L$8)*(2029-2025)/25) -> 1.7280937 | AC9: =Trajectory!U23*(Parameters!$L$8+(Parameters!$M$8-Parameters!$L$8)*(2029-2025)/25) -> 1.9379526 | AD9: =MAX(AB9,AC9) -> 1.9379526 | AE9: =MIN(AB9,AC9) -> 1.7280937 | AF9: 1.2 | AG9: 1.2607 | AH9: =Trajectory!X23*(Parameters!$L$9+(Parameters!$M$9-Parameters!$L$9)*(2029-2025)/25) -> 1.1415123 | AI9: =Trajectory!Y23*(Parameters!$L$9+(Parameters!$M$9-Parameters!$L$9)*(2029-2025)/25) -> 0.82875048 | AJ9: =MAX(AH9,AI9) -> 1.1415123 | AK9: =MIN(AH9,AI9) -> 0.82875048 | AL9: 0.7 | AM9: 1.5336 | AN9: =Trajectory!AB23*(Parameters!$L$10+(Parameters!$M$10-Parameters!$L$10)*(2029-2025)/25) -> 0.3993704 | AO9: =Trajectory!AC23*(Parameters!$L$10+(Parameters!$M$10-Parameters!$L$10)*(2029-2025)/25) -> 0.39049662 | AP9: =MAX(AN9,AO9) -> 0.3993704 | AQ9: =MIN(AN9,AO9) -> 0.39049662 | AR9: 0.3 | AS9: 1.4371 | AT9: =Trajectory!AF23*(Parameters!$L$11+(Parameters!$M$11-Parameters!$L$11)*(2029-2025)/25) -> 0.8759606 | AU9: =Trajectory!AG23*(Parameters!$L$11+(Parameters!$M$11-Parameters!$L$11)*(2029-2025)/25) -> 0.56207242 | AV9: =MAX(AT9,AU9) -> 0.8759606 | AW9: =MIN(AT9,AU9) -> 0.56207242 | AX9: 1.2 | AY9: 2.2 | AZ9: =Trajectory!AJ23*(Parameters!$L$12+(Parameters!$M$12-Parameters!$L$12)*(2029-2025)/25) -> 1.1671459 | BA9: =Trajectory!AK23*(Parameters!$L$12+(Parameters!$M$12-Parameters!$L$12)*(2029-2025)/25) -> 0.79733715 | BB9: =MAX(AZ9,BA9) -> 1.1671459 | BC9: =MIN(AZ9,BA9) -> 0.79733715 | BD9: 0.3 | BE9: 0.464 | BF9: =Trajectory!AN23*(Parameters!$L$13+(Parameters!$M$13-Parameters!$L$13)*(2029-2025)/25) -> 0.43610624 | BG9: =Trajectory!AO23*(Parameters!$L$13+(Parameters!$M$13-Parameters!$L$13)*(2029-2025)/25) -> 0.010600084 | BH9: =MAX(BF9,BG9) -> 0.43610624 | BI9: =MIN(BF9,BG9) -> 0.010600084 | BJ9: 0.5 | BK9: 0.2624 | BL9: =Trajectory!AR23*(Parameters!$L$14+(Parameters!$M$14-Parameters!$L$14)*(2029-2025)/25) -> 0.29087622 | BM9: =Trajectory!AS23*(Parameters!$L$14+(Parameters!$M$14-Parameters!$L$14)*(2029-2025)/25) -> 0.12828444 | BN9: =MAX(BL9,BM9) -> 0.29087622 | BO9: =MIN(BL9,BM9) -> 0.12828444 | BP9: 0.3131 | BQ9: 0.0443 | BR9: =Trajectory!AV23*(Parameters!$L$15+(Parameters!$M$15-Parameters!$L$15)*(2029-2025)/25) -> 0.20540896 | BS9: =Trajectory!AW23*(Parameters!$L$15+(Parameters!$M$15-Parameters!$L$15)*(2029-2025)/25) -> 0.43618092 | BT9: =MAX(BR9,BS9) -> 0.43618092 | BU9: =MIN(BR9,BS9) -> 0.20540896
A10: 2030 | B10: 5.5 | C10: 10 | D10: =Trajectory!D24*(Parameters!$L$4+(Parameters!$M$4-Parameters!$L$4)*(2030-2025)/25) -> 4.2508664 | E10: =Trajectory!E24*(Parameters!$L$4+(Parameters!$M$4-Parameters!$L$4)*(2030-2025)/25) -> 6.4748706 | F10: =MAX(D10,E10) -> 6.4748706 | G10: =MIN(D10,E10) -> 4.2508664 | H10: 3.5 | I10: 5 | J10: =Trajectory!H24*(Parameters!$L$5+(Parameters!$M$5-Parameters!$L$5)*(2030-2025)/25) -> 5.0753364 | K10: =Trajectory!I24*(Parameters!$L$5+(Parameters!$M$5-Parameters!$L$5)*(2030-2025)/25) -> 6.3038099 | L10: =MAX(J10,K10) -> 6.3038099 | M10: =MIN(J10,K10) -> 5.0753364 | N10: 1 | O10: 4.7994 | P10: =Trajectory!L24*(Parameters!$L$6+(Parameters!$M$6-Parameters!$L$6)*(2030-2025)/25) -> 1.6216979 | Q10: =Trajectory!M24*(Parameters!$L$6+(Parameters!$M$6-Parameters!$L$6)*(2030-2025)/25) -> 0.43962296 | R10: =MAX(P10,Q10) -> 1.6216979 | S10: =MIN(P10,Q10) -> 0.43962296 | T10: 0.9 | U10: 1.351 | V10: =Trajectory!P24*(Parameters!$L$7+(Parameters!$M$7-Parameters!$L$7)*(2030-2025)/25) -> 1.6425041 | W10: =Trajectory!Q24*(Parameters!$L$7+(Parameters!$M$7-Parameters!$L$7)*(2030-2025)/25) -> 0 | X10: =MAX(V10,W10) -> 1.6425041 | Y10: =MIN(V10,W10) -> 0 | Z10: 2.2 | AA10: 5.13 | AB10: =Trajectory!T24*(Parameters!$L$8+(Parameters!$M$8-Parameters!$L$8)*(2030-2025)/25) -> 1.9062638 | AC10: =Trajectory!U24*(Parameters!$L$8+(Parameters!$M$8-Parameters!$L$8)*(2030-2025)/25) -> 2.073982 | AD10: =MAX(AB10,AC10) -> 2.073982 | AE10: =MIN(AB10,AC10) -> 1.9062638 | AF10: 3.3421 | AG10: 1.2607 | AH10: =Trajectory!X24*(Parameters!$L$9+(Parameters!$M$9-Parameters!$L$9)*(2030-2025)/25) -> 1.2376329 | AI10: =Trajectory!Y24*(Parameters!$L$9+(Parameters!$M$9-Parameters!$L$9)*(2030-2025)/25) -> 0.88692238 | AJ10: =MAX(AH10,AI10) -> 1.2376329 | AK10: =MIN(AH10,AI10) -> 0.88692238 | AL10: 0.7 | AM10: 1.5336 | AN10: =Trajectory!AB24*(Parameters!$L$10+(Parameters!$M$10-Parameters!$L$10)*(2030-2025)/25) -> 0.45016322 | AO10: =Trajectory!AC24*(Parameters!$L$10+(Parameters!$M$10-Parameters!$L$10)*(2030-2025)/25) -> 0.42155095 | AP10: =MAX(AN10,AO10) -> 0.45016322 | AQ10: =MIN(AN10,AO10) -> 0.42155095 | AR10: 0.3 | AS10: 1.4371 | AT10: =Trajectory!AF24*(Parameters!$L$11+(Parameters!$M$11-Parameters!$L$11)*(2030-2025)/25) -> 0.95878952 | AU10: =Trajectory!AG24*(Parameters!$L$11+(Parameters!$M$11-Parameters!$L$11)*(2030-2025)/25) -> 0.6013049 | AV10: =MAX(AT10,AU10) -> 0.95878952 | AW10: =MIN(AT10,AU10) -> 0.6013049 | AX10: 1.2 | AY10: 2.2 | AZ10: =Trajectory!AJ24*(Parameters!$L$12+(Parameters!$M$12-Parameters!$L$12)*(2030-2025)/25) -> 1.3284891 | BA10: =Trajectory!AK24*(Parameters!$L$12+(Parameters!$M$12-Parameters!$L$12)*(2030-2025)/25) -> 0.88487861 | BB10: =MAX(AZ10,BA10) -> 1.3284891 | BC10: =MIN(AZ10,BA10) -> 0.88487861 | BD10: 0.3555 | BE10: 0.464 | BF10: =Trajectory!AN24*(Parameters!$L$13+(Parameters!$M$13-Parameters!$L$13)*(2030-2025)/25) -> 0.49074351 | BG10: =Trajectory!AO24*(Parameters!$L$13+(Parameters!$M$13-Parameters!$L$13)*(2030-2025)/25) -> 0.011756723 | BH10: =MAX(BF10,BG10) -> 0.49074351 | BI10: =MIN(BF10,BG10) -> 0.011756723 | BJ10: 0.5 | BK10: 0.2624 | BL10: =Trajectory!AR24*(Parameters!$L$14+(Parameters!$M$14-Parameters!$L$14)*(2030-2025)/25) -> 0.3278705 | BM10: =Trajectory!AS24*(Parameters!$L$14+(Parameters!$M$14-Parameters!$L$14)*(2030-2025)/25) -> 0.14236908 | BN10: =MAX(BL10,BM10) -> 0.3278705 | BO10: =MIN(BL10,BM10) -> 0.14236908 | BP10: 0.25 | BQ10: 0.0443 | BR10: =Trajectory!AV24*(Parameters!$L$15+(Parameters!$M$15-Parameters!$L$15)*(2030-2025)/25) -> 0.22483199 | BS10: =Trajectory!AW24*(Parameters!$L$15+(Parameters!$M$15-Parameters!$L$15)*(2030-2025)/25) -> 0.47543049 | BT10: =MAX(BR10,BS10) -> 0.47543049 | BU10: =MIN(BR10,BS10) -> 0.22483199
A11: 2031 | B11: 5.5 | C11: 10 | D11: =Trajectory!D25*(Parameters!$L$4+(Parameters!$M$4-Parameters!$L$4)*(2031-2025)/25) -> 4.6291591 | E11: =Trajectory!E25*(Parameters!$L$4+(Parameters!$M$4-Parameters!$L$4)*(2031-2025)/25) -> 6.9287282 | F11: =MAX(D11,E11) -> 6.9287282 | G11: =MIN(D11,E11) -> 4.6291591 | H11: 3.5 | I11: 5 | J11: =Trajectory!H25*(Parameters!$L$5+(Parameters!$M$5-Parameters!$L$5)*(2031-2025)/25) -> 5.3200097 | K11: =Trajectory!I25*(Parameters!$L$5+(Parameters!$M$5-Parameters!$L$5)*(2031-2025)/25) -> 6.6820385 | L11: =MAX(J11,K11) -> 6.6820385 | M11: =MIN(J11,K11) -> 5.3200097 | N11: 1.3 | O11: 4.7994 | P11: =Trajectory!L25*(Parameters!$L$6+(Parameters!$M$6-Parameters!$L$6)*(2031-2025)/25) -> 1.8210518 | Q11: =Trajectory!M25*(Parameters!$L$6+(Parameters!$M$6-Parameters!$L$6)*(2031-2025)/25) -> 0.47898215 | R11: =MAX(P11,Q11) -> 1.8210518 | S11: =MIN(P11,Q11) -> 0.47898215 | T11: 1.05 | U11: 1.351 | V11: =Trajectory!P25*(Parameters!$L$7+(Parameters!$M$7-Parameters!$L$7)*(2031-2025)/25) -> 1.8694141 | W11: =Trajectory!Q25*(Parameters!$L$7+(Parameters!$M$7-Parameters!$L$7)*(2031-2025)/25) -> 0 | X11: =MAX(V11,W11) -> 1.8694141 | Y11: =MIN(V11,W11) -> 0 | Z11: 2.7 | AA11: 5.13 | AB11: =Trajectory!T25*(Parameters!$L$8+(Parameters!$M$8-Parameters!$L$8)*(2031-2025)/25) -> 2.0759059 | AC11: =Trajectory!U25*(Parameters!$L$8+(Parameters!$M$8-Parameters!$L$8)*(2031-2025)/25) -> 2.2193583 | AD11: =MAX(AB11,AC11) -> 2.2193583 | AE11: =MIN(AB11,AC11) -> 2.0759059 | AF11: 1.7 | AG11: 1.2607 | AH11: =Trajectory!X25*(Parameters!$L$9+(Parameters!$M$9-Parameters!$L$9)*(2031-2025)/25) -> 1.3275836 | AI11: =Trajectory!Y25*(Parameters!$L$9+(Parameters!$M$9-Parameters!$L$9)*(2031-2025)/25) -> 0.94909142 | AJ11: =MAX(AH11,AI11) -> 1.3275836 | AK11: =MIN(AH11,AI11) -> 0.94909142 | AL11: 0.9 | AM11: 1.5336 | AN11: =Trajectory!AB25*(Parameters!$L$10+(Parameters!$M$10-Parameters!$L$10)*(2031-2025)/25) -> 0.50202907 | AO11: =Trajectory!AC25*(Parameters!$L$10+(Parameters!$M$10-Parameters!$L$10)*(2031-2025)/25) -> 0.45503945 | AP11: =MAX(AN11,AO11) -> 0.50202907 | AQ11: =MIN(AN11,AO11) -> 0.45503945 | AR11: 0.5 | AS11: 1.4371 | AT11: =Trajectory!AF25*(Parameters!$L$11+(Parameters!$M$11-Parameters!$L$11)*(2031-2025)/25) -> 1.0390555 | AU11: =Trajectory!AG25*(Parameters!$L$11+(Parameters!$M$11-Parameters!$L$11)*(2031-2025)/25) -> 0.64322182 | AV11: =MAX(AT11,AU11) -> 1.0390555 | AW11: =MIN(AT11,AU11) -> 0.64322182 | AX11: 1.4 | AY11: 2.2 | AZ11: =Trajectory!AJ25*(Parameters!$L$12+(Parameters!$M$12-Parameters!$L$12)*(2031-2025)/25) -> 1.4917991 | BA11: =Trajectory!AK25*(Parameters!$L$12+(Parameters!$M$12-Parameters!$L$12)*(2031-2025)/25) -> 0.981955 | BB11: =MAX(AZ11,BA11) -> 1.4917991 | BC11: =MIN(AZ11,BA11) -> 0.981955 | BD11: 0.5 | BE11: 0.464 | BF11: =Trajectory!AN25*(Parameters!$L$13+(Parameters!$M$13-Parameters!$L$13)*(2031-2025)/25) -> 0.54175064 | BG11: =Trajectory!AO25*(Parameters!$L$13+(Parameters!$M$13-Parameters!$L$13)*(2031-2025)/25) -> 0.013038689 | BH11: =MAX(BF11,BG11) -> 0.54175064 | BI11: =MIN(BF11,BG11) -> 0.013038689 | BJ11: 0.75 | BK11: 0.2624 | BL11: =Trajectory!AR25*(Parameters!$L$14+(Parameters!$M$14-Parameters!$L$14)*(2031-2025)/25) -> 0.36564631 | BM11: =Trajectory!AS25*(Parameters!$L$14+(Parameters!$M$14-Parameters!$L$14)*(2031-2025)/25) -> 0.15798781 | BN11: =MAX(BL11,BM11) -> 0.36564631 | BO11: =MIN(BL11,BM11) -> 0.15798781 | BP11: 0.425 | BQ11: 0.0443 | BR11: =Trajectory!AV25*(Parameters!$L$15+(Parameters!$M$15-Parameters!$L$15)*(2031-2025)/25) -> 0.24365401 | BS11: =Trajectory!AW25*(Parameters!$L$15+(Parameters!$M$15-Parameters!$L$15)*(2031-2025)/25) -> 0.51816842 | BT11: =MAX(BR11,BS11) -> 0.51816842 | BU11: =MIN(BR11,BS11) -> 0.24365401
A12: 2032 | B12: 5.5 | C12: 10 | D12: =Trajectory!D26*(Parameters!$L$4+(Parameters!$M$4-Parameters!$L$4)*(2032-2025)/25) -> 4.9716716 | E12: =Trajectory!E26*(Parameters!$L$4+(Parameters!$M$4-Parameters!$L$4)*(2032-2025)/25) -> 7.4137392 | F12: =MAX(D12,E12) -> 7.4137392 | G12: =MIN(D12,E12) -> 4.9716716 | H12: 3.5 | I12: 5 | J12: =Trajectory!H26*(Parameters!$L$5+(Parameters!$M$5-Parameters!$L$5)*(2032-2025)/25) -> 5.5079691 | K12: =Trajectory!I26*(Parameters!$L$5+(Parameters!$M$5-Parameters!$L$5)*(2032-2025)/25) -> 7.0823304 | L12: =MAX(J12,K12) -> 7.0823304 | M12: =MIN(J12,K12) -> 5.5079691 | N12: 1.3 | O12: 4.7994 | P12: =Trajectory!L26*(Parameters!$L$6+(Parameters!$M$6-Parameters!$L$6)*(2032-2025)/25) -> 2.0143657 | Q12: =Trajectory!M26*(Parameters!$L$6+(Parameters!$M$6-Parameters!$L$6)*(2032-2025)/25) -> 0.52182521 | R12: =MAX(P12,Q12) -> 2.0143657 | S12: =MIN(P12,Q12) -> 0.52182521 | T12: 1.05 | U12: 1.351 | V12: =Trajectory!P26*(Parameters!$L$7+(Parameters!$M$7-Parameters!$L$7)*(2032-2025)/25) -> 2.0990589 | W12: =Trajectory!Q26*(Parameters!$L$7+(Parameters!$M$7-Parameters!$L$7)*(2032-2025)/25) -> 0 | X12: =MAX(V12,W12) -> 2.0990589 | Y12: =MIN(V12,W12) -> 0 | Z12: 2.7 | AA12: 5.13 | AB12: =Trajectory!T26*(Parameters!$L$8+(Parameters!$M$8-Parameters!$L$8)*(2032-2025)/25) -> 2.2295026 | AC12: =Trajectory!U26*(Parameters!$L$8+(Parameters!$M$8-Parameters!$L$8)*(2032-2025)/25) -> 2.3747133 | AD12: =MAX(AB12,AC12) -> 2.3747133 | AE12: =MIN(AB12,AC12) -> 2.2295026 | AF12: 1.7 | AG12: 1.2607 | AH12: =Trajectory!X26*(Parameters!$L$9+(Parameters!$M$9-Parameters!$L$9)*(2032-2025)/25) -> 1.4080081 | AI12: =Trajectory!Y26*(Parameters!$L$9+(Parameters!$M$9-Parameters!$L$9)*(2032-2025)/25) -> 1.0155278 | AJ12: =MAX(AH12,AI12) -> 1.4080081 | AK12: =MIN(AH12,AI12) -> 1.0155278 | AL12: 0.9 | AM12: 1.5336 | AN12: =Trajectory!AB26*(Parameters!$L$10+(Parameters!$M$10-Parameters!$L$10)*(2032-2025)/25) -> 0.55331264 | AO12: =Trajectory!AC26*(Parameters!$L$10+(Parameters!$M$10-Parameters!$L$10)*(2032-2025)/25) -> 0.49115075 | AP12: =MAX(AN12,AO12) -> 0.55331264 | AQ12: =MIN(AN12,AO12) -> 0.49115075 | AR12: 0.5 | AS12: 1.4371 | AT12: =Trajectory!AF26*(Parameters!$L$11+(Parameters!$M$11-Parameters!$L$11)*(2032-2025)/25) -> 1.1140805 | AU12: =Trajectory!AG26*(Parameters!$L$11+(Parameters!$M$11-Parameters!$L$11)*(2032-2025)/25) -> 0.68800407 | AV12: =MAX(AT12,AU12) -> 1.1140805 | AW12: =MIN(AT12,AU12) -> 0.68800407 | AX12: 1.4 | AY12: 2.2 | AZ12: =Trajectory!AJ26*(Parameters!$L$12+(Parameters!$M$12-Parameters!$L$12)*(2032-2025)/25) -> 1.6501612 | BA12: =Trajectory!AK26*(Parameters!$L$12+(Parameters!$M$12-Parameters!$L$12)*(2032-2025)/25) -> 1.0895979 | BB12: =MAX(AZ12,BA12) -> 1.6501612 | BC12: =MIN(AZ12,BA12) -> 1.0895979 | BD12: 0.5 | BE12: 0.464 | BF12: =Trajectory!AN26*(Parameters!$L$13+(Parameters!$M$13-Parameters!$L$13)*(2032-2025)/25) -> 0.58566421 | BG12: =Trajectory!AO26*(Parameters!$L$13+(Parameters!$M$13-Parameters!$L$13)*(2032-2025)/25) -> 0.014459481 | BH12: =MAX(BF12,BG12) -> 0.58566421 | BI12: =MIN(BF12,BG12) -> 0.014459481 | BJ12: 0.75 | BK12: 0.2624 | BL12: =Trajectory!AR26*(Parameters!$L$14+(Parameters!$M$14-Parameters!$L$14)*(2032-2025)/25) -> 0.40299803 | BM12: =Trajectory!AS26*(Parameters!$L$14+(Parameters!$M$14-Parameters!$L$14)*(2032-2025)/25) -> 0.17530659 | BN12: =MAX(BL12,BM12) -> 0.40299803 | BO12: =MIN(BL12,BM12) -> 0.17530659 | BP12: 0.425 | BQ12: 0.0443 | BR12: =Trajectory!AV26*(Parameters!$L$15+(Parameters!$M$15-Parameters!$L$15)*(2032-2025)/25) -> 0.26124705 | BS12: =Trajectory!AW26*(Parameters!$L$15+(Parameters!$M$15-Parameters!$L$15)*(2032-2025)/25) -> 0.56470167 | BT12: =MAX(BR12,BS12) -> 0.56470167 | BU12: =MIN(BR12,BS12) -> 0.26124705
A13: 2033 | B13: 5.5 | C13: 10 | D13: =Trajectory!D27*(Parameters!$L$4+(Parameters!$M$4-Parameters!$L$4)*(2033-2025)/25) -> 5.2613734 | E13: =Trajectory!E27*(Parameters!$L$4+(Parameters!$M$4-Parameters!$L$4)*(2033-2025)/25) -> 7.9320081 | F13: =MAX(D13,E13) -> 7.9320081 | G13: =MIN(D13,E13) -> 5.2613734 | H13: 3.5 | I13: 5 | J13: =Trajectory!H27*(Parameters!$L$5+(Parameters!$M$5-Parameters!$L$5)*(2033-2025)/25) -> 5.6307583 | K13: =Trajectory!I27*(Parameters!$L$5+(Parameters!$M$5-Parameters!$L$5)*(2033-2025)/25) -> 7.5059464 | L13: =MAX(J13,K13) -> 7.5059464 | M13: =MIN(J13,K13) -> 5.6307583 | N13: 1.3 | O13: 4.7994 | P13: =Trajectory!L27*(Parameters!$L$6+(Parameters!$M$6-Parameters!$L$6)*(2033-2025)/25) -> 2.191774 | Q13: =Trajectory!M27*(Parameters!$L$6+(Parameters!$M$6-Parameters!$L$6)*(2033-2025)/25) -> 0.56845769 | R13: =MAX(P13,Q13) -> 2.191774 | S13: =MIN(P13,Q13) -> 0.56845769 | T13: 1.05 | U13: 1.351 | V13: =Trajectory!P27*(Parameters!$L$7+(Parameters!$M$7-Parameters!$L$7)*(2033-2025)/25) -> 2.3217102 | W13: =Trajectory!Q27*(Parameters!$L$7+(Parameters!$M$7-Parameters!$L$7)*(2033-2025)/25) -> 0 | X13: =MAX(V13,W13) -> 2.3217102 | Y13: =MIN(V13,W13) -> 0 | Z13: 2.7 | AA13: 5.13 | AB13: =Trajectory!T27*(Parameters!$L$8+(Parameters!$M$8-Parameters!$L$8)*(2033-2025)/25) -> 2.3594169 | AC13: =Trajectory!U27*(Parameters!$L$8+(Parameters!$M$8-Parameters!$L$8)*(2033-2025)/25) -> 2.5407213 | AD13: =MAX(AB13,AC13) -> 2.5407213 | AE13: =MIN(AB13,AC13) -> 2.3594169 | AF13: 1.7 | AG13: 1.2607 | AH13: =Trajectory!X27*(Parameters!$L$9+(Parameters!$M$9-Parameters!$L$9)*(2033-2025)/25) -> 1.4756255 | AI13: =Trajectory!Y27*(Parameters!$L$9+(Parameters!$M$9-Parameters!$L$9)*(2033-2025)/25) -> 1.0865199 | AJ13: =MAX(AH13,AI13) -> 1.4756255 | AK13: =MIN(AH13,AI13) -> 1.0865199 | AL13: 0.9 | AM13: 1.5336 | AN13: =Trajectory!AB27*(Parameters!$L$10+(Parameters!$M$10-Parameters!$L$10)*(2033-2025)/25) -> 0.60204369 | AO13: =Trajectory!AC27*(Parameters!$L$10+(Parameters!$M$10-Parameters!$L$10)*(2033-2025)/25) -> 0.53008793 | AP13: =MAX(AN13,AO13) -> 0.60204369 | AQ13: =MIN(AN13,AO13) -> 0.53008793 | AR13: 0.5 | AS13: 1.4371 | AT13: =Trajectory!AF27*(Parameters!$L$11+(Parameters!$M$11-Parameters!$L$11)*(2033-2025)/25) -> 1.1810578 | AU13: =Trajectory!AG27*(Parameters!$L$11+(Parameters!$M$11-Parameters!$L$11)*(2033-2025)/25) -> 0.73584459 | AV13: =MAX(AT13,AU13) -> 1.1810578 | AW13: =MIN(AT13,AU13) -> 0.73584459 | AX13: 1.4 | AY13: 2.2 | AZ13: =Trajectory!AJ27*(Parameters!$L$12+(Parameters!$M$12-Parameters!$L$12)*(2033-2025)/25) -> 1.7954934 | BA13: =Trajectory!AK27*(Parameters!$L$12+(Parameters!$M$12-Parameters!$L$12)*(2033-2025)/25) -> 1.2089498 | BB13: =MAX(AZ13,BA13) -> 1.7954934 | BC13: =MIN(AZ13,BA13) -> 1.2089498 | BD13: 0.7252 | BE13: 0.464 | BF13: =Trajectory!AN27*(Parameters!$L$13+(Parameters!$M$13-Parameters!$L$13)*(2033-2025)/25) -> 0.61909084 | BG13: =Trajectory!AO27*(Parameters!$L$13+(Parameters!$M$13-Parameters!$L$13)*(2033-2025)/25) -> 0.016034044 | BH13: =MAX(BF13,BG13) -> 0.61909084 | BI13: =MIN(BF13,BG13) -> 0.016034044 | BJ13: 0.75 | BK13: 0.2624 | BL13: =Trajectory!AR27*(Parameters!$L$14+(Parameters!$M$14-Parameters!$L$14)*(2033-2025)/25) -> 0.43849066 | BM13: =Trajectory!AS27*(Parameters!$L$14+(Parameters!$M$14-Parameters!$L$14)*(2033-2025)/25) -> 0.19450925 | BN13: =MAX(BL13,BM13) -> 0.43849066 | BO13: =MIN(BL13,BM13) -> 0.19450925 | BP13: 0.425 | BQ13: 0.0443 | BR13: =Trajectory!AV27*(Parameters!$L$15+(Parameters!$M$15-Parameters!$L$15)*(2033-2025)/25) -> 0.27695293 | BS13: =Trajectory!AW27*(Parameters!$L$15+(Parameters!$M$15-Parameters!$L$15)*(2033-2025)/25) -> 0.61536396 | BT13: =MAX(BR13,BS13) -> 0.61536396 | BU13: =MIN(BR13,BS13) -> 0.27695293
A14: 2034 | B14: 5.5 | C14: 10 | D14: =Trajectory!D28*(Parameters!$L$4+(Parameters!$M$4-Parameters!$L$4)*(2034-2025)/25) -> 5.4826018 | E14: =Trajectory!E28*(Parameters!$L$4+(Parameters!$M$4-Parameters!$L$4)*(2034-2025)/25) -> 8.4857798 | F14: =MAX(D14,E14) -> 8.4857798 | G14: =MIN(D14,E14) -> 5.4826018 | H14: 3.5 | I14: 5 | J14: =Trajectory!H28*(Parameters!$L$5+(Parameters!$M$5-Parameters!$L$5)*(2034-2025)/25) -> 5.682895 | K14: =Trajectory!I28*(Parameters!$L$5+(Parameters!$M$5-Parameters!$L$5)*(2034-2025)/25) -> 7.9542182 | L14: =MAX(J14,K14) -> 7.9542182 | M14: =MIN(J14,K14) -> 5.682895 | N14: 1.3 | O14: 4.7994 | P14: =Trajectory!L28*(Parameters!$L$6+(Parameters!$M$6-Parameters!$L$6)*(2034-2025)/25) -> 2.3428214 | Q14: =Trajectory!M28*(Parameters!$L$6+(Parameters!$M$6-Parameters!$L$6)*(2034-2025)/25) -> 0.61921167 | R14: =MAX(P14,Q14) -> 2.3428214 | S14: =MIN(P14,Q14) -> 0.61921167 | T14: 1.05 | U14: 1.351 | V14: =Trajectory!P28*(Parameters!$L$7+(Parameters!$M$7-Parameters!$L$7)*(2034-2025)/25) -> 2.5260001 | W14: =Trajectory!Q28*(Parameters!$L$7+(Parameters!$M$7-Parameters!$L$7)*(2034-2025)/25) -> 0 | X14: =MAX(V14,W14) -> 2.5260001 | Y14: =MIN(V14,W14) -> 0 | Z14: 2.7 | AA14: 5.13 | AB14: =Trajectory!T28*(Parameters!$L$8+(Parameters!$M$8-Parameters!$L$8)*(2034-2025)/25) -> 2.4586248 | AC14: =Trajectory!U28*(Parameters!$L$8+(Parameters!$M$8-Parameters!$L$8)*(2034-2025)/25) -> 2.7181013 | AD14: =MAX(AB14,AC14) -> 2.7181013 | AE14: =MIN(AB14,AC14) -> 2.4586248 | AF14: 1.7 | AG14: 1.2607 | AH14: =Trajectory!X28*(Parameters!$L$9+(Parameters!$M$9-Parameters!$L$9)*(2034-2025)/25) -> 1.5274959 | AI14: =Trajectory!Y28*(Parameters!$L$9+(Parameters!$M$9-Parameters!$L$9)*(2034-2025)/25) -> 1.162375 | AJ14: =MAX(AH14,AI14) -> 1.5274959 | AK14: =MIN(AH14,AI14) -> 1.162375 | AL14: 0.9 | AM14: 1.5336 | AN14: =Trajectory!AB28*(Parameters!$L$10+(Parameters!$M$10-Parameters!$L$10)*(2034-2025)/25) -> 0.64605226 | AO14: =Trajectory!AC28*(Parameters!$L$10+(Parameters!$M$10-Parameters!$L$10)*(2034-2025)/25) -> 0.57206968 | AP14: =MAX(AN14,AO14) -> 0.64605226 | AQ14: =MIN(AN14,AO14) -> 0.57206968 | AR14: 0.5 | AS14: 1.4371 | AT14: =Trajectory!AF28*(Parameters!$L$11+(Parameters!$M$11-Parameters!$L$11)*(2034-2025)/25) -> 1.2372484 | AU14: =Trajectory!AG28*(Parameters!$L$11+(Parameters!$M$11-Parameters!$L$11)*(2034-2025)/25) -> 0.78694916 | AV14: =MAX(AT14,AU14) -> 1.2372484 | AW14: =MIN(AT14,AU14) -> 0.78694916 | AX14: 1.4 | AY14: 2.2 | AZ14: =Trajectory!AJ28*(Parameters!$L$12+(Parameters!$M$12-Parameters!$L$12)*(2034-2025)/25) -> 1.9192309 | BA14: =Trajectory!AK28*(Parameters!$L$12+(Parameters!$M$12-Parameters!$L$12)*(2034-2025)/25) -> 1.3412761 | BB14: =MAX(AZ14,BA14) -> 1.9192309 | BC14: =MIN(AZ14,BA14) -> 1.3412761 | BD14: 0.5 | BE14: 0.464 | BF14: =Trajectory!AN28*(Parameters!$L$13+(Parameters!$M$13-Parameters!$L$13)*(2034-2025)/25) -> 0.63921999 | BG14: =Trajectory!AO28*(Parameters!$L$13+(Parameters!$M$13-Parameters!$L$13)*(2034-2025)/25) -> 0.017778926 | BH14: =MAX(BF14,BG14) -> 0.63921999 | BI14: =MIN(BF14,BG14) -> 0.017778926 | BJ14: 0.75 | BK14: 0.2624 | BL14: =Trajectory!AR28*(Parameters!$L$14+(Parameters!$M$14-Parameters!$L$14)*(2034-2025)/25) -> 0.47054373 | BM14: =Trajectory!AS28*(Parameters!$L$14+(Parameters!$M$14-Parameters!$L$14)*(2034-2025)/25) -> 0.21579937 | BN14: =MAX(BL14,BM14) -> 0.47054373 | BO14: =MIN(BL14,BM14) -> 0.21579937 | BP14: 0.425 | BQ14: 0.0443 | BR14: =Trajectory!AV28*(Parameters!$L$15+(Parameters!$M$15-Parameters!$L$15)*(2034-2025)/25) -> 0.29012938 | BS14: =Trajectory!AW28*(Parameters!$L$15+(Parameters!$M$15-Parameters!$L$15)*(2034-2025)/25) -> 0.67051813 | BT14: =MAX(BR14,BS14) -> 0.67051813 | BU14: =MIN(BR14,BS14) -> 0.29012938
A15: 2035 | B15: 5.5 | C15: 10 | D15: =Trajectory!D29*(Parameters!$L$4+(Parameters!$M$4-Parameters!$L$4)*(2035-2025)/25) -> 5.6227762 | E15: =Trajectory!E29*(Parameters!$L$4+(Parameters!$M$4-Parameters!$L$4)*(2035-2025)/25) -> 9.0774488 | F15: =MAX(D15,E15) -> 9.0774488 | G15: =MIN(D15,E15) -> 5.6227762 | H15: 3.5 | I15: 5 | J15: =Trajectory!H29*(Parameters!$L$5+(Parameters!$M$5-Parameters!$L$5)*(2035-2025)/25) -> 5.6623982 | K15: =Trajectory!I29*(Parameters!$L$5+(Parameters!$M$5-Parameters!$L$5)*(2035-2025)/25) -> 8.4285524 | L15: =MAX(J15,K15) -> 8.4285524 | M15: =MIN(J15,K15) -> 5.6623982 | N15: 1.3 | O15: 4.7994 | P15: =Trajectory!L29*(Parameters!$L$6+(Parameters!$M$6-Parameters!$L$6)*(2035-2025)/25) -> 2.4576156 | Q15: =Trajectory!M29*(Parameters!$L$6+(Parameters!$M$6-Parameters!$L$6)*(2035-2025)/25) -> 0.67444817 | R15: =MAX(P15,Q15) -> 2.4576156 | S15: =MIN(P15,Q15) -> 0.67444817 | T15: 1.05 | U15: 1.351 | V15: =Trajectory!P29*(Parameters!$L$7+(Parameters!$M$7-Parameters!$L$7)*(2035-2025)/25) -> 2.6998847 | W15: =Trajectory!Q29*(Parameters!$L$7+(Parameters!$M$7-Parameters!$L$7)*(2035-2025)/25) -> 0 | X15: =MAX(V15,W15) -> 2.6998847 | Y15: =MIN(V15,W15) -> 0 | Z15: 2.7 | AA15: 5.13 | AB15: =Trajectory!T29*(Parameters!$L$8+(Parameters!$M$8-Parameters!$L$8)*(2035-2025)/25) -> 2.5214848 | AC15: =Trajectory!U29*(Parameters!$L$8+(Parameters!$M$8-Parameters!$L$8)*(2035-2025)/25) -> 2.9076203 | AD15: =MAX(AB15,AC15) -> 2.9076203 | AE15: =MIN(AB15,AC15) -> 2.5214848 | AF15: 1.7 | AG15: 1.2607 | AH15: =Trajectory!X29*(Parameters!$L$9+(Parameters!$M$9-Parameters!$L$9)*(2035-2025)/25) -> 1.5612831 | AI15: =Trajectory!Y29*(Parameters!$L$9+(Parameters!$M$9-Parameters!$L$9)*(2035-2025)/25) -> 1.2434214 | AJ15: =MAX(AH15,AI15) -> 1.5612831 | AK15: =MIN(AH15,AI15) -> 1.2434214 | AL15: 0.9 | AM15: 1.5336 | AN15: =Trajectory!AB29*(Parameters!$L$10+(Parameters!$M$10-Parameters!$L$10)*(2035-2025)/25) -> 0.68314055 | AO15: =Trajectory!AC29*(Parameters!$L$10+(Parameters!$M$10-Parameters!$L$10)*(2035-2025)/25) -> 0.61733144 | AP15: =MAX(AN15,AO15) -> 0.68314055 | AQ15: =MIN(AN15,AO15) -> 0.61733144 | AR15: 0.5 | AS15: 1.4371 | AT15: =Trajectory!AF29*(Parameters!$L$11+(Parameters!$M$11-Parameters!$L$11)*(2035-2025)/25) -> 1.280203 | AU15: =Trajectory!AG29*(Parameters!$L$11+(Parameters!$M$11-Parameters!$L$11)*(2035-2025)/25) -> 0.84153724 | AV15: =MAX(AT15,AU15) -> 1.280203 | AW15: =MIN(AT15,AU15) -> 0.84153724 | AX15: 1.4 | AY15: 2.2 | AZ15: =Trajectory!AJ29*(Parameters!$L$12+(Parameters!$M$12-Parameters!$L$12)*(2035-2025)/25) -> 2.0132699 | BA15: =Trajectory!AK29*(Parameters!$L$12+(Parameters!$M$12-Parameters!$L$12)*(2035-2025)/25) -> 1.4879782 | BB15: =MAX(AZ15,BA15) -> 2.0132699 | BC15: =MIN(AZ15,BA15) -> 1.4879782 | BD15: 0.5 | BE15: 0.464 | BF15: =Trajectory!AN29*(Parameters!$L$13+(Parameters!$M$13-Parameters!$L$13)*(2035-2025)/25) -> 0.64430662 | BG15: =Trajectory!AO29*(Parameters!$L$13+(Parameters!$M$13-Parameters!$L$13)*(2035-2025)/25) -> 0.019712443 | BH15: =MAX(BF15,BG15) -> 0.64430662 | BI15: =MIN(BF15,BG15) -> 0.019712443 | BJ15: 0.75 | BK15: 0.2624 | BL15: =Trajectory!AR29*(Parameters!$L$14+(Parameters!$M$14-Parameters!$L$14)*(2035-2025)/25) -> 0.49755649 | BM15: =Trajectory!AS29*(Parameters!$L$14+(Parameters!$M$14-Parameters!$L$14)*(2035-2025)/25) -> 0.23940243 | BN15: =MAX(BL15,BM15) -> 0.49755649 | BO15: =MIN(BL15,BM15) -> 0.23940243 | BP15: 0.425 | BQ15: 0.0443 | BR15: =Trajectory!AV29*(Parameters!$L$15+(Parameters!$M$15-Parameters!$L$15)*(2035-2025)/25) -> 0.30020205 | BS15: =Trajectory!AW29*(Parameters!$L$15+(Parameters!$M$15-Parameters!$L$15)*(2035-2025)/25) -> 0.73055863 | BT15: =MAX(BR15,BS15) -> 0.73055863 | BU15: =MIN(BR15,BS15) -> 0.30020205
A16: 2036 | B16: 5.5 | C16: 10 | D16: =Trajectory!D30*(Parameters!$L$4+(Parameters!$M$4-Parameters!$L$4)*(2036-2025)/25) -> 5.6738923 | E16: =Trajectory!E30*(Parameters!$L$4+(Parameters!$M$4-Parameters!$L$4)*(2036-2025)/25) -> 9.7095693 | F16: =MAX(D16,E16) -> 9.7095693 | G16: =MIN(D16,E16) -> 5.6738923 | H16: 3.5 | I16: 3.2222 | J16: =Trajectory!H30*(Parameters!$L$5+(Parameters!$M$5-Parameters!$L$5)*(2036-2025)/25) -> 5.5709536 | K16: =Trajectory!I30*(Parameters!$L$5+(Parameters!$M$5-Parameters!$L$5)*(2036-2025)/25) -> 8.9304343 | L16: =MAX(J16,K16) -> 8.9304343 | M16: =MIN(J16,K16) -> 5.5709536 | N16: 1.3 | O16: 3.8684 | P16: =Trajectory!L30*(Parameters!$L$6+(Parameters!$M$6-Parameters!$L$6)*(2036-2025)/25) -> 2.5281173 | Q16: =Trajectory!M30*(Parameters!$L$6+(Parameters!$M$6-Parameters!$L$6)*(2036-2025)/25) -> 0.73455955 | R16: =MAX(P16,Q16) -> 2.5281173 | S16: =MIN(P16,Q16) -> 0.73455955 | T16: 1.05 | U16: 0.7419 | V16: =Trajectory!P30*(Parameters!$L$7+(Parameters!$M$7-Parameters!$L$7)*(2036-2025)/25) -> 2.8319722 | W16: =Trajectory!Q30*(Parameters!$L$7+(Parameters!$M$7-Parameters!$L$7)*(2036-2025)/25) -> 0 | X16: =MAX(V16,W16) -> 2.8319722 | Y16: =MIN(V16,W16) -> 0 | Z16: 2.7 | AA16: 4.1349 | AB16: =Trajectory!T30*(Parameters!$L$8+(Parameters!$M$8-Parameters!$L$8)*(2036-2025)/25) -> 2.5444073 | AC16: =Trajectory!U30*(Parameters!$L$8+(Parameters!$M$8-Parameters!$L$8)*(2036-2025)/25) -> 3.1100964 | AD16: =MAX(AB16,AC16) -> 3.1100964 | AE16: =MIN(AB16,AC16) -> 2.5444073 | AF16: 1.7 | AG16: 0.6924 | AH16: =Trajectory!X30*(Parameters!$L$9+(Parameters!$M$9-Parameters!$L$9)*(2036-2025)/25) -> 1.5754765 | AI16: =Trajectory!Y30*(Parameters!$L$9+(Parameters!$M$9-Parameters!$L$9)*(2036-2025)/25) -> 1.3300087 | AJ16: =MAX(AH16,AI16) -> 1.5754765 | AK16: =MIN(AH16,AI16) -> 1.3300087 | AL16: 0.9 | AM16: 1.2361 | AN16: =Trajectory!AB30*(Parameters!$L$10+(Parameters!$M$10-Parameters!$L$10)*(2036-2025)/25) -> 0.7112947 | AO16: =Trajectory!AC30*(Parameters!$L$10+(Parameters!$M$10-Parameters!$L$10)*(2036-2025)/25) -> 0.66612671 | AP16: =MAX(AN16,AO16) -> 0.7112947 | AQ16: =MIN(AN16,AO16) -> 0.66612671 | AR16: 0.5 | AS16: 0.7892 | AT16: =Trajectory!AF30*(Parameters!$L$11+(Parameters!$M$11-Parameters!$L$11)*(2036-2025)/25) -> 1.3079819 | AU16: =Trajectory!AG30*(Parameters!$L$11+(Parameters!$M$11-Parameters!$L$11)*(2036-2025)/25) -> 0.89984287 | AV16: =MAX(AT16,AU16) -> 1.3079819 | AW16: =MIN(AT16,AU16) -> 0.89984287 | AX16: 1.4 | AY16: 0.3053 | AZ16: =Trajectory!AJ30*(Parameters!$L$12+(Parameters!$M$12-Parameters!$L$12)*(2036-2025)/25) -> 2.0710247 | BA16: =Trajectory!AK30*(Parameters!$L$12+(Parameters!$M$12-Parameters!$L$12)*(2036-2025)/25) -> 1.6506079 | BB16: =MAX(AZ16,BA16) -> 2.0710247 | BC16: =MIN(AZ16,BA16) -> 1.6506079 | BD16: 0.5 | BE16: 0.0476 | BF16: =Trajectory!AN30*(Parameters!$L$13+(Parameters!$M$13-Parameters!$L$13)*(2036-2025)/25) -> 0.63398875 | BG16: =Trajectory!AO30*(Parameters!$L$13+(Parameters!$M$13-Parameters!$L$13)*(2036-2025)/25) -> 0.021854874 | BH16: =MAX(BF16,BG16) -> 0.63398875 | BI16: =MIN(BF16,BG16) -> 0.021854874 | BJ16: 0.75 | BK16: 0.2115 | BL16: =Trajectory!AR30*(Parameters!$L$14+(Parameters!$M$14-Parameters!$L$14)*(2036-2025)/25) -> 0.5180622 | BM16: =Trajectory!AS30*(Parameters!$L$14+(Parameters!$M$14-Parameters!$L$14)*(2036-2025)/25) -> 0.2655681 | BN16: =MAX(BL16,BM16) -> 0.5180622 | BO16: =MIN(BL16,BM16) -> 0.2655681 | BP16: 0.425 | BQ16: 0.0243 | BR16: =Trajectory!AV30*(Parameters!$L$15+(Parameters!$M$15-Parameters!$L$15)*(2036-2025)/25) -> 0.30671608 | BS16: =Trajectory!AW30*(Parameters!$L$15+(Parameters!$M$15-Parameters!$L$15)*(2036-2025)/25) -> 0.7959143 | BT16: =MAX(BR16,BS16) -> 0.7959143 | BU16: =MIN(BR16,BS16) -> 0.30671608
A17: 2037 | B17: 5.5 | C17: 10 | D17: =Trajectory!D31*(Parameters!$L$4+(Parameters!$M$4-Parameters!$L$4)*(2037-2025)/25) -> 5.6334991 | E17: =Trajectory!E31*(Parameters!$L$4+(Parameters!$M$4-Parameters!$L$4)*(2037-2025)/25) -> 10.384866 | F17: =MAX(D17,E17) -> 10.384866 | G17: =MIN(D17,E17) -> 5.6334991 | H17: 3.5 | I17: 3.2222 | J17: =Trajectory!H31*(Parameters!$L$5+(Parameters!$M$5-Parameters!$L$5)*(2037-2025)/25) -> 5.4136922 | K17: =Trajectory!I31*(Parameters!$L$5+(Parameters!$M$5-Parameters!$L$5)*(2037-2025)/25) -> 9.4614331 | L17: =MAX(J17,K17) -> 9.4614331 | M17: =MIN(J17,K17) -> 5.4136922 | N17: 1.3 | O17: 3.8684 | P17: =Trajectory!L31*(Parameters!$L$6+(Parameters!$M$6-Parameters!$L$6)*(2037-2025)/25) -> 2.5493027 | Q17: =Trajectory!M31*(Parameters!$L$6+(Parameters!$M$6-Parameters!$L$6)*(2037-2025)/25) -> 0.79997228 | R17: =MAX(P17,Q17) -> 2.5493027 | S17: =MIN(P17,Q17) -> 0.79997228 | T17: 1.05 | U17: 0.7419 | V17: =Trajectory!P31*(Parameters!$L$7+(Parameters!$M$7-Parameters!$L$7)*(2037-2025)/25) -> 2.9130085 | W17: =Trajectory!Q31*(Parameters!$L$7+(Parameters!$M$7-Parameters!$L$7)*(2037-2025)/25) -> 0 | X17: =MAX(V17,W17) -> 2.9130085 | Y17: =MIN(V17,W17) -> 0 | Z17: 2.7 | AA17: 4.1349 | AB17: =Trajectory!T31*(Parameters!$L$8+(Parameters!$M$8-Parameters!$L$8)*(2037-2025)/25) -> 2.5262934 | AC17: =Trajectory!U31*(Parameters!$L$8+(Parameters!$M$8-Parameters!$L$8)*(2037-2025)/25) -> 3.3264022 | AD17: =MAX(AB17,AC17) -> 3.3264022 | AE17: =MIN(AB17,AC17) -> 2.5262934 | AF17: 1.7 | AG17: 0.6924 | AH17: =Trajectory!X31*(Parameters!$L$9+(Parameters!$M$9-Parameters!$L$9)*(2037-2025)/25) -> 1.5695371 | AI17: =Trajectory!Y31*(Parameters!$L$9+(Parameters!$M$9-Parameters!$L$9)*(2037-2025)/25) -> 1.4225102 | AJ17: =MAX(AH17,AI17) -> 1.5695371 | AK17: =MIN(AH17,AI17) -> 1.4225102 | AL17: 0.9 | AM17: 1.2361 | AN17: =Trajectory!AB31*(Parameters!$L$10+(Parameters!$M$10-Parameters!$L$10)*(2037-2025)/25) -> 0.72890621 | AO17: =Trajectory!AC31*(Parameters!$L$10+(Parameters!$M$10-Parameters!$L$10)*(2037-2025)/25) -> 0.71872839 | AP17: =MAX(AN17,AO17) -> 0.72890621 | AQ17: =MIN(AN17,AO17) -> 0.71872839 | AR17: 0.5 | AS17: 0.7892 | AT17: =Trajectory!AF31*(Parameters!$L$11+(Parameters!$M$11-Parameters!$L$11)*(2037-2025)/25) -> 1.3193392 | AU17: =Trajectory!AG31*(Parameters!$L$11+(Parameters!$M$11-Parameters!$L$11)*(2037-2025)/25) -> 0.96211565 | AV17: =MAX(AT17,AU17) -> 1.3193392 | AW17: =MIN(AT17,AU17) -> 0.96211565 | AX17: 1.4 | AY17: 0.3053 | AZ17: =Trajectory!AJ31*(Parameters!$L$12+(Parameters!$M$12-Parameters!$L$12)*(2037-2025)/25) -> 2.0883796 | BA17: =Trajectory!AK31*(Parameters!$L$12+(Parameters!$M$12-Parameters!$L$12)*(2037-2025)/25) -> 1.8308838 | BB17: =MAX(AZ17,BA17) -> 2.0883796 | BC17: =MIN(AZ17,BA17) -> 1.8308838 | BD17: 0.5 | BE17: 0.0476 | BF17: =Trajectory!AN31*(Parameters!$L$13+(Parameters!$M$13-Parameters!$L$13)*(2037-2025)/25) -> 0.60934335 | BG17: =Trajectory!AO31*(Parameters!$L$13+(Parameters!$M$13-Parameters!$L$13)*(2037-2025)/25) -> 0.024228667 | BH17: =MAX(BF17,BG17) -> 0.60934335 | BI17: =MIN(BF17,BG17) -> 0.024228667 | BJ17: 0.75 | BK17: 0.2115 | BL17: =Trajectory!AR31*(Parameters!$L$14+(Parameters!$M$14-Parameters!$L$14)*(2037-2025)/25) -> 0.53088932 | BM17: =Trajectory!AS31*(Parameters!$L$14+(Parameters!$M$14-Parameters!$L$14)*(2037-2025)/25) -> 0.29457289 | BN17: =MAX(BL17,BM17) -> 0.53088932 | BO17: =MIN(BL17,BM17) -> 0.29457289 | BP17: 0.425 | BQ17: 0.0243 | BR17: =Trajectory!AV31*(Parameters!$L$15+(Parameters!$M$15-Parameters!$L$15)*(2037-2025)/25) -> 0.30937932 | BS17: =Trajectory!AW31*(Parameters!$L$15+(Parameters!$M$15-Parameters!$L$15)*(2037-2025)/25) -> 0.22575797 | BT17: =MAX(BR17,BS17) -> 0.30937932 | BU17: =MIN(BR17,BS17) -> 0.22575797
A18: 2038 | B18: 5.5 | C18: 10 | D18: =Trajectory!D32*(Parameters!$L$4+(Parameters!$M$4-Parameters!$L$4)*(2038-2025)/25) -> 5.5049556 | E18: =Trajectory!E32*(Parameters!$L$4+(Parameters!$M$4-Parameters!$L$4)*(2038-2025)/25) -> 11.106243 | F18: =MAX(D18,E18) -> 11.106243 | G18: =MIN(D18,E18) -> 5.5049556 | H18: 3.5 | I18: 3.2222 | J18: =Trajectory!H32*(Parameters!$L$5+(Parameters!$M$5-Parameters!$L$5)*(2038-2025)/25) -> 5.1986267 | K18: =Trajectory!I32*(Parameters!$L$5+(Parameters!$M$5-Parameters!$L$5)*(2038-2025)/25) -> 10.023206 | L18: =MAX(J18,K18) -> 10.023206 | M18: =MIN(J18,K18) -> 5.1986267 | N18: 1.3 | O18: 3.8684 | P18: =Trajectory!L32*(Parameters!$L$6+(Parameters!$M$6-Parameters!$L$6)*(2038-2025)/25) -> 2.5199214 | Q18: =Trajectory!M32*(Parameters!$L$6+(Parameters!$M$6-Parameters!$L$6)*(2038-2025)/25) -> 0.87114987 | R18: =MAX(P18,Q18) -> 2.5199214 | S18: =MIN(P18,Q18) -> 0.87114987 | T18: 1.05 | U18: 0.7419 | V18: =Trajectory!P32*(Parameters!$L$7+(Parameters!$M$7-Parameters!$L$7)*(2038-2025)/25) -> 2.9372164 | W18: =Trajectory!Q32*(Parameters!$L$7+(Parameters!$M$7-Parameters!$L$7)*(2038-2025)/25) -> 0 | X18: =MAX(V18,W18) -> 2.9372164 | Y18: =MIN(V18,W18) -> 0 | Z18: 2.7 | AA18: 4.1349 | AB18: =Trajectory!T32*(Parameters!$L$8+(Parameters!$M$8-Parameters!$L$8)*(2038-2025)/25) -> 2.4686491 | AC18: =Trajectory!U32*(Parameters!$L$8+(Parameters!$M$8-Parameters!$L$8)*(2038-2025)/25) -> 3.5574684 | AD18: =MAX(AB18,AC18) -> 3.5574684 | AE18: =MIN(AB18,AC18) -> 2.4686491 | AF18: 1.7 | AG18: 0.6924 | AH18: =Trajectory!X32*(Parameters!$L$9+(Parameters!$M$9-Parameters!$L$9)*(2038-2025)/25) -> 1.5439415 | AI18: =Trajectory!Y32*(Parameters!$L$9+(Parameters!$M$9-Parameters!$L$9)*(2038-2025)/25) -> 1.5213239 | AJ18: =MAX(AH18,AI18) -> 1.5439415 | AK18: =MIN(AH18,AI18) -> 1.5213239 | AL18: 0.9 | AM18: 1.2361 | AN18: =Trajectory!AB32*(Parameters!$L$10+(Parameters!$M$10-Parameters!$L$10)*(2038-2025)/25) -> 0.7349636 | AO18: =Trajectory!AC32*(Parameters!$L$10+(Parameters!$M$10-Parameters!$L$10)*(2038-2025)/25) -> 0.77543028 | AP18: =MAX(AN18,AO18) -> 0.77543028 | AQ18: =MIN(AN18,AO18) -> 0.7349636 | AR18: 0.5 | AS18: 0.7892 | AT18: =Trajectory!AF32*(Parameters!$L$11+(Parameters!$M$11-Parameters!$L$11)*(2038-2025)/25) -> 1.3138434 | AU18: =Trajectory!AG32*(Parameters!$L$11+(Parameters!$M$11-Parameters!$L$11)*(2038-2025)/25) -> 1.0286217 | AV18: =MAX(AT18,AU18) -> 1.3138434 | AW18: =MIN(AT18,AU18) -> 1.0286217 | AX18: 1.4 | AY18: 0.3053 | AZ18: =Trajectory!AJ32*(Parameters!$L$12+(Parameters!$M$12-Parameters!$L$12)*(2038-2025)/25) -> 2.0643106 | BA18: =Trajectory!AK32*(Parameters!$L$12+(Parameters!$M$12-Parameters!$L$12)*(2038-2025)/25) -> 2.0307088 | BB18: =MAX(AZ18,BA18) -> 2.0643106 | BC18: =MIN(AZ18,BA18) -> 2.0307088 | BD18: 0.5 | BE18: 0.0476 | BF18: =Trajectory!AN32*(Parameters!$L$13+(Parameters!$M$13-Parameters!$L$13)*(2038-2025)/25) -> 0.57266576 | BG18: =Trajectory!AO32*(Parameters!$L$13+(Parameters!$M$13-Parameters!$L$13)*(2038-2025)/25) -> 0.02685867 | BH18: =MAX(BF18,BG18) -> 0.57266576 | BI18: =MIN(BF18,BG18) -> 0.02685867 | BJ18: 0.75 | BK18: 0.2115 | BL18: =Trajectory!AR32*(Parameters!$L$14+(Parameters!$M$14-Parameters!$L$14)*(2038-2025)/25) -> 0.53530114 | BM18: =Trajectory!AS32*(Parameters!$L$14+(Parameters!$M$14-Parameters!$L$14)*(2038-2025)/25) -> 0.32672295 | BN18: =MAX(BL18,BM18) -> 0.53530114 | BO18: =MIN(BL18,BM18) -> 0.32672295 | BP18: 0.425 | BQ18: 0.0243 | BR18: =Trajectory!AV32*(Parameters!$L$15+(Parameters!$M$15-Parameters!$L$15)*(2038-2025)/25) -> 0.30809058 | BS18: =Trajectory!AW32*(Parameters!$L$15+(Parameters!$M$15-Parameters!$L$15)*(2038-2025)/25) -> 0 | BT18: =MAX(BR18,BS18) -> 0.30809058 | BU18: =MIN(BR18,BS18) -> 0
A19: 2039 | B19: 5.5 | C19: 10 | D19: =Trajectory!D33*(Parameters!$L$4+(Parameters!$M$4-Parameters!$L$4)*(2039-2025)/25) -> 5.2969211 | E19: =Trajectory!E33*(Parameters!$L$4+(Parameters!$M$4-Parameters!$L$4)*(2039-2025)/25) -> 3.6965369 | F19: =MAX(D19,E19) -> 5.2969211 | G19: =MIN(D19,E19) -> 3.6965369 | H19: 3.5 | I19: 3.2222 | J19: =Trajectory!H33*(Parameters!$L$5+(Parameters!$M$5-Parameters!$L$5)*(2039-2025)/25) -> 4.9358457 | K19: =Trajectory!I33*(Parameters!$L$5+(Parameters!$M$5-Parameters!$L$5)*(2039-2025)/25) -> 10.617502 | L19: =MAX(J19,K19) -> 10.617502 | M19: =MIN(J19,K19) -> 4.9358457 | N19: 1.3 | O19: 3.8684 | P19: =Trajectory!L33*(Parameters!$L$6+(Parameters!$M$6-Parameters!$L$6)*(2039-2025)/25) -> 2.4426575 | Q19: =Trajectory!M33*(Parameters!$L$6+(Parameters!$M$6-Parameters!$L$6)*(2039-2025)/25) -> 0.94859605 | R19: =MAX(P19,Q19) -> 2.4426575 | S19: =MIN(P19,Q19) -> 0.94859605 | T19: 1.05 | U19: 0.7419 | V19: =Trajectory!P33*(Parameters!$L$7+(Parameters!$M$7-Parameters!$L$7)*(2039-2025)/25) -> 2.903167 | W19: =Trajectory!Q33*(Parameters!$L$7+(Parameters!$M$7-Parameters!$L$7)*(2039-2025)/25) -> 0 | X19: =MAX(V19,W19) -> 2.903167 | Y19: =MIN(V19,W19) -> 0 | Z19: 2.7 | AA19: 4.1349 | AB19: =Trajectory!T33*(Parameters!$L$8+(Parameters!$M$8-Parameters!$L$8)*(2039-2025)/25) -> 2.3753579 | AC19: =Trajectory!U33*(Parameters!$L$8+(Parameters!$M$8-Parameters!$L$8)*(2039-2025)/25) -> 3.8042874 | AD19: =MAX(AB19,AC19) -> 3.8042874 | AE19: =MIN(AB19,AC19) -> 2.3753579 | AF19: 1.7 | AG19: 0.6924 | AH19: =Trajectory!X33*(Parameters!$L$9+(Parameters!$M$9-Parameters!$L$9)*(2039-2025)/25) -> 1.5001208 | AI19: =Trajectory!Y33*(Parameters!$L$9+(Parameters!$M$9-Parameters!$L$9)*(2039-2025)/25) -> 1.6268741 | AJ19: =MAX(AH19,AI19) -> 1.6268741 | AK19: =MIN(AH19,AI19) -> 1.5001208 | AL19: 0.9 | AM19: 1.2361 | AN19: =Trajectory!AB33*(Parameters!$L$10+(Parameters!$M$10-Parameters!$L$10)*(2039-2025)/25) -> 0.72917641 | AO19: =Trajectory!AC33*(Parameters!$L$10+(Parameters!$M$10-Parameters!$L$10)*(2039-2025)/25) -> 0.83654868 | AP19: =MAX(AN19,AO19) -> 0.83654868 | AQ19: =MIN(AN19,AO19) -> 0.72917641 | AR19: 0.5 | AS19: 0.7892 | AT19: =Trajectory!AF33*(Parameters!$L$11+(Parameters!$M$11-Parameters!$L$11)*(2039-2025)/25) -> 1.2919132 | AU19: =Trajectory!AG33*(Parameters!$L$11+(Parameters!$M$11-Parameters!$L$11)*(2039-2025)/25) -> 1.0996449 | AV19: =MAX(AT19,AU19) -> 1.2919132 | AW19: =MIN(AT19,AU19) -> 1.0996449 | AX19: 1.4 | AY19: 0.3053 | AZ19: =Trajectory!AJ33*(Parameters!$L$12+(Parameters!$M$12-Parameters!$L$12)*(2039-2025)/25) -> 2.0010163 | BA19: =Trajectory!AK33*(Parameters!$L$12+(Parameters!$M$12-Parameters!$L$12)*(2039-2025)/25) -> 2.2521899 | BB19: =MAX(AZ19,BA19) -> 2.2521899 | BC19: =MIN(AZ19,BA19) -> 2.0010163 | BD19: 0.5 | BE19: 0.0476 | BF19: =Trajectory!AN33*(Parameters!$L$13+(Parameters!$M$13-Parameters!$L$13)*(2039-2025)/25) -> 0.52704509 | BG19: =Trajectory!AO33*(Parameters!$L$13+(Parameters!$M$13-Parameters!$L$13)*(2039-2025)/25) -> 0.029772387 | BH19: =MAX(BF19,BG19) -> 0.52704509 | BI19: =MIN(BF19,BG19) -> 0.029772387 | BJ19: 0.75 | BK19: 0.2115 | BL19: =Trajectory!AR33*(Parameters!$L$14+(Parameters!$M$14-Parameters!$L$14)*(2039-2025)/25) -> 0.53108611 | BM19: =Trajectory!AS33*(Parameters!$L$14+(Parameters!$M$14-Parameters!$L$14)*(2039-2025)/25) -> 0.36235729 | BN19: =MAX(BL19,BM19) -> 0.53108611 | BO19: =MIN(BL19,BM19) -> 0.36235729 | BP19: 0.425 | BQ19: 0.0243 | BR19: =Trajectory!AV33*(Parameters!$L$15+(Parameters!$M$15-Parameters!$L$15)*(2039-2025)/25) -> 0.30294805 | BS19: =Trajectory!AW33*(Parameters!$L$15+(Parameters!$M$15-Parameters!$L$15)*(2039-2025)/25) -> 0 | BT19: =MAX(BR19,BS19) -> 0.30294805 | BU19: =MIN(BR19,BS19) -> 0
A20: 2040 | B20: 5.5 | C20: 10 | D20: =Trajectory!D34*(Parameters!$L$4+(Parameters!$M$4-Parameters!$L$4)*(2040-2025)/25) -> 5.0222009 | E20: =Trajectory!E34*(Parameters!$L$4+(Parameters!$M$4-Parameters!$L$4)*(2040-2025)/25) -> 0 | F20: =MAX(D20,E20) -> 5.0222009 | G20: =MIN(D20,E20) -> 0 | H20: 3.5 | I20: 3.2222 | J20: =Trajectory!H34*(Parameters!$L$5+(Parameters!$M$5-Parameters!$L$5)*(2040-2025)/25) -> 4.6365961 | K20: =Trajectory!I34*(Parameters!$L$5+(Parameters!$M$5-Parameters!$L$5)*(2040-2025)/25) -> 4.7086024 | L20: =MAX(J20,K20) -> 4.7086024 | M20: =MIN(J20,K20) -> 4.6365961 | N20: 1.3 | O20: 3.8684 | P20: =Trajectory!L34*(Parameters!$L$6+(Parameters!$M$6-Parameters!$L$6)*(2040-2025)/25) -> 2.3236572 | Q20: =Trajectory!M34*(Parameters!$L$6+(Parameters!$M$6-Parameters!$L$6)*(2040-2025)/25) -> 1.0328583 | R20: =MAX(P20,Q20) -> 2.3236572 | S20: =MIN(P20,Q20) -> 1.0328583 | T20: 1.05 | U20: 0.7419 | V20: =Trajectory!P34*(Parameters!$L$7+(Parameters!$M$7-Parameters!$L$7)*(2040-2025)/25) -> 2.8139644 | W20: =Trajectory!Q34*(Parameters!$L$7+(Parameters!$M$7-Parameters!$L$7)*(2040-2025)/25) -> 0 | X20: =MAX(V20,W20) -> 2.8139644 | Y20: =MIN(V20,W20) -> 0 | Z20: 2.7 | AA20: 4.1349 | AB20: =Trajectory!T34*(Parameters!$L$8+(Parameters!$M$8-Parameters!$L$8)*(2040-2025)/25) -> 2.252162 | AC20: =Trajectory!U34*(Parameters!$L$8+(Parameters!$M$8-Parameters!$L$8)*(2040-2025)/25) -> 4.0679179 | AD20: =MAX(AB20,AC20) -> 4.0679179 | AE20: =MIN(AB20,AC20) -> 2.252162 | AF20: 1.7 | AG20: 0.6924 | AH20: =Trajectory!X34*(Parameters!$L$9+(Parameters!$M$9-Parameters!$L$9)*(2040-2025)/25) -> 1.440303 | AI20: =Trajectory!Y34*(Parameters!$L$9+(Parameters!$M$9-Parameters!$L$9)*(2040-2025)/25) -> 1.7396137 | AJ20: =MAX(AH20,AI20) -> 1.7396137 | AK20: =MIN(AH20,AI20) -> 1.440303 | AL20: 0.9 | AM20: 1.2361 | AN20: =Trajectory!AB34*(Parameters!$L$10+(Parameters!$M$10-Parameters!$L$10)*(2040-2025)/25) -> 0.71200564 | AO20: =Trajectory!AC34*(Parameters!$L$10+(Parameters!$M$10-Parameters!$L$10)*(2040-2025)/25) -> 0.90242404 | AP20: =MAX(AN20,AO20) -> 0.90242404 | AQ20: =MIN(AN20,AO20) -> 0.71200564 | AR20: 0.5 | AS20: 0.7892 | AT20: =Trajectory!AF34*(Parameters!$L$11+(Parameters!$M$11-Parameters!$L$11)*(2040-2025)/25) -> 1.2547642 | AU20: =Trajectory!AG34*(Parameters!$L$11+(Parameters!$M$11-Parameters!$L$11)*(2040-2025)/25) -> 1.1754878 | AV20: =MAX(AT20,AU20) -> 1.2547642 | AW20: =MIN(AT20,AU20) -> 1.1754878 | AX20: 1.4 | AY20: 0.3053 | AZ20: =Trajectory!AJ34*(Parameters!$L$12+(Parameters!$M$12-Parameters!$L$12)*(2040-2025)/25) -> 1.9035317 | BA20: =Trajectory!AK34*(Parameters!$L$12+(Parameters!$M$12-Parameters!$L$12)*(2040-2025)/25) -> 2.4976602 | BB20: =MAX(AZ20,BA20) -> 2.4976602 | BC20: =MIN(AZ20,BA20) -> 1.9035317 | BD20: 0.5 | BE20: 0.0476 | BF20: =Trajectory!AN34*(Parameters!$L$13+(Parameters!$M$13-Parameters!$L$13)*(2040-2025)/25) -> 0.47586178 | BG20: =Trajectory!AO34*(Parameters!$L$13+(Parameters!$M$13-Parameters!$L$13)*(2040-2025)/25) -> 0.033000261 | BH20: =MAX(BF20,BG20) -> 0.47586178 | BI20: =MIN(BF20,BG20) -> 0.033000261 | BJ20: 0.75 | BK20: 0.2115 | BL20: =Trajectory!AR34*(Parameters!$L$14+(Parameters!$M$14-Parameters!$L$14)*(2040-2025)/25) -> 0.51858001 | BM20: =Trajectory!AS34*(Parameters!$L$14+(Parameters!$M$14-Parameters!$L$14)*(2040-2025)/25) -> 0.40185127 | BN20: =MAX(BL20,BM20) -> 0.51858001 | BO20: =MIN(BL20,BM20) -> 0.40185127 | BP20: 0.425 | BQ20: 0.0243 | BR20: =Trajectory!AV34*(Parameters!$L$15+(Parameters!$M$15-Parameters!$L$15)*(2040-2025)/25) -> 0.29423677 | BS20: =Trajectory!AW34*(Parameters!$L$15+(Parameters!$M$15-Parameters!$L$15)*(2040-2025)/25) -> 0 | BT20: =MAX(BR20,BS20) -> 0.29423677 | BU20: =MIN(BR20,BS20) -> 0
A21: 2041 | B21: 5.5 | C21: 10 | D21: =Trajectory!D35*(Parameters!$L$4+(Parameters!$M$4-Parameters!$L$4)*(2041-2025)/25) -> 4.6961952 | E21: =Trajectory!E35*(Parameters!$L$4+(Parameters!$M$4-Parameters!$L$4)*(2041-2025)/25) -> 0 | F21: =MAX(D21,E21) -> 4.6961952 | G21: =MIN(D21,E21) -> 0 | H21: 3.5 | I21: 3.2222 | J21: =Trajectory!H35*(Parameters!$L$5+(Parameters!$M$5-Parameters!$L$5)*(2041-2025)/25) -> 4.3123829 | K21: =Trajectory!I35*(Parameters!$L$5+(Parameters!$M$5-Parameters!$L$5)*(2041-2025)/25) -> 0 | L21: =MAX(J21,K21) -> 4.3123829 | M21: =MIN(J21,K21) -> 0 | N21: 1.6 | O21: 3.8684 | P21: =Trajectory!L35*(Parameters!$L$6+(Parameters!$M$6-Parameters!$L$6)*(2041-2025)/25) -> 2.1715561 | Q21: =Trajectory!M35*(Parameters!$L$6+(Parameters!$M$6-Parameters!$L$6)*(2041-2025)/25) -> 1.1245314 | R21: =MAX(P21,Q21) -> 2.1715561 | S21: =MIN(P21,Q21) -> 1.1245314 | T21: 1.2 | U21: 0.7419 | V21: =Trajectory!P35*(Parameters!$L$7+(Parameters!$M$7-Parameters!$L$7)*(2041-2025)/25) -> 2.676699 | W21: =Trajectory!Q35*(Parameters!$L$7+(Parameters!$M$7-Parameters!$L$7)*(2041-2025)/25) -> 0 | X21: =MAX(V21,W21) -> 2.676699 | Y21: =MIN(V21,W21) -> 0 | Z21: 3.2 | AA21: 4.1349 | AB21: =Trajectory!T35*(Parameters!$L$8+(Parameters!$M$8-Parameters!$L$8)*(2041-2025)/25) -> 2.1059676 | AC21: =Trajectory!U35*(Parameters!$L$8+(Parameters!$M$8-Parameters!$L$8)*(2041-2025)/25) -> 4.3494885 | AD21: =MAX(AB21,AC21) -> 4.3494885 | AE21: =MIN(AB21,AC21) -> 2.1059676 | AF21: 2.2 | AG21: 0.6924 | AH21: =Trajectory!X35*(Parameters!$L$9+(Parameters!$M$9-Parameters!$L$9)*(2041-2025)/25) -> 1.3672897 | AI21: =Trajectory!Y35*(Parameters!$L$9+(Parameters!$M$9-Parameters!$L$9)*(2041-2025)/25) -> 1.8600252 | AJ21: =MAX(AH21,AI21) -> 1.8600252 | AK21: =MIN(AH21,AI21) -> 1.3672897 | AL21: 1.1 | AM21: 1.2361 | AN21: =Trajectory!AB35*(Parameters!$L$10+(Parameters!$M$10-Parameters!$L$10)*(2041-2025)/25) -> 0.68459515 | AO21: =Trajectory!AC35*(Parameters!$L$10+(Parameters!$M$10-Parameters!$L$10)*(2041-2025)/25) -> 0.97342286 | AP21: =MAX(AN21,AO21) -> 0.97342286 | AQ21: =MIN(AN21,AO21) -> 0.68459515 | AR21: 0.7 | AS21: 0.7892 | AT21: =Trajectory!AF35*(Parameters!$L$11+(Parameters!$M$11-Parameters!$L$11)*(2041-2025)/25) -> 1.2042759 | AU21: =Trajectory!AG35*(Parameters!$L$11+(Parameters!$M$11-Parameters!$L$11)*(2041-2025)/25) -> 1.2564732 | AV21: =MAX(AT21,AU21) -> 1.2564732 | AW21: =MIN(AT21,AU21) -> 1.2042759 | AX21: 1.6 | AY21: 0.3053 | AZ21: =Trajectory!AJ35*(Parameters!$L$12+(Parameters!$M$12-Parameters!$L$12)*(2041-2025)/25) -> 1.778931 | BA21: =Trajectory!AK35*(Parameters!$L$12+(Parameters!$M$12-Parameters!$L$12)*(2041-2025)/25) -> 2.7697027 | BB21: =MAX(AZ21,BA21) -> 2.7697027 | BC21: =MIN(AZ21,BA21) -> 1.778931 | BD21: 0.7 | BE21: 0.0476 | BF21: =Trajectory!AN35*(Parameters!$L$13+(Parameters!$M$13-Parameters!$L$13)*(2041-2025)/25) -> 0.42233314 | BG21: =Trajectory!AO35*(Parameters!$L$13+(Parameters!$M$13-Parameters!$L$13)*(2041-2025)/25) -> 0.036575985 | BH21: =MAX(BF21,BG21) -> 0.42233314 | BI21: =MIN(BF21,BG21) -> 0.036575985 | BJ21: 1 | BK21: 0.2115 | BL21: =Trajectory!AR35*(Parameters!$L$14+(Parameters!$M$14-Parameters!$L$14)*(2041-2025)/25) -> 0.49861594 | BM21: =Trajectory!AS35*(Parameters!$L$14+(Parameters!$M$14-Parameters!$L$14)*(2041-2025)/25) -> 0.44562048 | BN21: =MAX(BL21,BM21) -> 0.49861594 | BO21: =MIN(BL21,BM21) -> 0.44562048 | BP21: 0.6 | BQ21: 0.0243 | BR21: =Trajectory!AV35*(Parameters!$L$15+(Parameters!$M$15-Parameters!$L$15)*(2041-2025)/25) -> 0.28239748 | BS21: =Trajectory!AW35*(Parameters!$L$15+(Parameters!$M$15-Parameters!$L$15)*(2041-2025)/25) -> 0 | BT21: =MAX(BR21,BS21) -> 0.28239748 | BU21: =MIN(BR21,BS21) -> 0
A22: 2042 | B22: 5.5 | C22: 10 | D22: =Trajectory!D36*(Parameters!$L$4+(Parameters!$M$4-Parameters!$L$4)*(2042-2025)/25) -> 4.3352512 | E22: =Trajectory!E36*(Parameters!$L$4+(Parameters!$M$4-Parameters!$L$4)*(2042-2025)/25) -> 0 | F22: =MAX(D22,E22) -> 4.3352512 | G22: =MIN(D22,E22) -> 0 | H22: 3.5 | I22: 3.2222 | J22: =Trajectory!H36*(Parameters!$L$5+(Parameters!$M$5-Parameters!$L$5)*(2042-2025)/25) -> 3.9741924 | K22: =Trajectory!I36*(Parameters!$L$5+(Parameters!$M$5-Parameters!$L$5)*(2042-2025)/25) -> 0 | L22: =MAX(J22,K22) -> 3.9741924 | M22: =MIN(J22,K22) -> 0 | N22: 1.6 | O22: 3.8684 | P22: =Trajectory!L36*(Parameters!$L$6+(Parameters!$M$6-Parameters!$L$6)*(2042-2025)/25) -> 1.996255 | Q22: =Trajectory!M36*(Parameters!$L$6+(Parameters!$M$6-Parameters!$L$6)*(2042-2025)/25) -> 1.224262 | R22: =MAX(P22,Q22) -> 1.996255 | S22: =MIN(P22,Q22) -> 1.224262 | T22: 1.2 | U22: 0.7419 | V22: =Trajectory!P36*(Parameters!$L$7+(Parameters!$M$7-Parameters!$L$7)*(2042-2025)/25) -> 2.5013267 | W22: =Trajectory!Q36*(Parameters!$L$7+(Parameters!$M$7-Parameters!$L$7)*(2042-2025)/25) -> 0 | X22: =MAX(V22,W22) -> 2.5013267 | Y22: =MIN(V22,W22) -> 0 | Z22: 3.2 | AA22: 4.1349 | AB22: =Trajectory!T36*(Parameters!$L$8+(Parameters!$M$8-Parameters!$L$8)*(2042-2025)/25) -> 1.9441055 | AC22: =Trajectory!U36*(Parameters!$L$8+(Parameters!$M$8-Parameters!$L$8)*(2042-2025)/25) -> 3.7882137 | AD22: =MAX(AB22,AC22) -> 3.7882137 | AE22: =MIN(AB22,AC22) -> 1.9441055 | AF22: 2.2 | AG22: 0.6924 | AH22: =Trajectory!X36*(Parameters!$L$9+(Parameters!$M$9-Parameters!$L$9)*(2042-2025)/25) -> 1.2842014 | AI22: =Trajectory!Y36*(Parameters!$L$9+(Parameters!$M$9-Parameters!$L$9)*(2042-2025)/25) -> 1.9886235 | AJ22: =MAX(AH22,AI22) -> 1.9886235 | AK22: =MIN(AH22,AI22) -> 1.2842014 | AL22: 1.1 | AM22: 1.2361 | AN22: =Trajectory!AB36*(Parameters!$L$10+(Parameters!$M$10-Parameters!$L$10)*(2042-2025)/25) -> 0.64862013 | AO22: =Trajectory!AC36*(Parameters!$L$10+(Parameters!$M$10-Parameters!$L$10)*(2042-2025)/25) -> 1.0499396 | AP22: =MAX(AN22,AO22) -> 1.0499396 | AQ22: =MIN(AN22,AO22) -> 0.64862013 | AR22: 0.7 | AS22: 0.7892 | AT22: =Trajectory!AF36*(Parameters!$L$11+(Parameters!$M$11-Parameters!$L$11)*(2042-2025)/25) -> 1.1428038 | AU22: =Trajectory!AG36*(Parameters!$L$11+(Parameters!$M$11-Parameters!$L$11)*(2042-2025)/25) -> 1.342945 | AV22: =MAX(AT22,AU22) -> 1.342945 | AW22: =MIN(AT22,AU22) -> 1.1428038 | AX22: 1.6 | AY22: 0.3053 | AZ22: =Trajectory!AJ36*(Parameters!$L$12+(Parameters!$M$12-Parameters!$L$12)*(2042-2025)/25) -> 1.635325 | BA22: =Trajectory!AK36*(Parameters!$L$12+(Parameters!$M$12-Parameters!$L$12)*(2042-2025)/25) -> 3.071177 | BB22: =MAX(AZ22,BA22) -> 3.071177 | BC22: =MIN(AZ22,BA22) -> 1.635325 | BD22: 0.7 | BE22: 0.0476 | BF22: =Trajectory!AN36*(Parameters!$L$13+(Parameters!$M$13-Parameters!$L$13)*(2042-2025)/25) -> 0.36919043 | BG22: =Trajectory!AO36*(Parameters!$L$13+(Parameters!$M$13-Parameters!$L$13)*(2042-2025)/25) -> 0.040536852 | BH22: =MAX(BF22,BG22) -> 0.36919043 | BI22: =MIN(BF22,BG22) -> 0.040536852 | BJ22: 1 | BK22: 0.2115 | BL22: =Trajectory!AR36*(Parameters!$L$14+(Parameters!$M$14-Parameters!$L$14)*(2042-2025)/25) -> 0.472414 | BM22: =Trajectory!AS36*(Parameters!$L$14+(Parameters!$M$14-Parameters!$L$14)*(2042-2025)/25) -> 0.49412502 | BN22: =MAX(BL22,BM22) -> 0.49412502 | BO22: =MIN(BL22,BM22) -> 0.472414 | BP22: 0.6 | BQ22: 0.0243 | BR22: =Trajectory!AV36*(Parameters!$L$15+(Parameters!$M$15-Parameters!$L$15)*(2042-2025)/25) -> 0.26798254 | BS22: =Trajectory!AW36*(Parameters!$L$15+(Parameters!$M$15-Parameters!$L$15)*(2042-2025)/25) -> 0 | BT22: =MAX(BR22,BS22) -> 0.26798254 | BU22: =MIN(BR22,BS22) -> 0
A23: 2043 | B23: 5.5 | C23: 10 | D23: =Trajectory!D37*(Parameters!$L$4+(Parameters!$M$4-Parameters!$L$4)*(2043-2025)/25) -> 3.9551846 | E23: =Trajectory!E37*(Parameters!$L$4+(Parameters!$M$4-Parameters!$L$4)*(2043-2025)/25) -> 0 | F23: =MAX(D23,E23) -> 3.9551846 | G23: =MIN(D23,E23) -> 0 | H23: 3.5 | I23: 3.2222 | J23: =Trajectory!H37*(Parameters!$L$5+(Parameters!$M$5-Parameters!$L$5)*(2043-2025)/25) -> 3.6319041 | K23: =Trajectory!I37*(Parameters!$L$5+(Parameters!$M$5-Parameters!$L$5)*(2043-2025)/25) -> 0 | L23: =MAX(J23,K23) -> 3.6319041 | M23: =MIN(J23,K23) -> 0 | N23: 1.6 | O23: 3.8684 | P23: =Trajectory!L37*(Parameters!$L$6+(Parameters!$M$6-Parameters!$L$6)*(2043-2025)/25) -> 1.8077162 | Q23: =Trajectory!M37*(Parameters!$L$6+(Parameters!$M$6-Parameters!$L$6)*(2043-2025)/25) -> 1.3327524 | R23: =MAX(P23,Q23) -> 1.8077162 | S23: =MIN(P23,Q23) -> 1.3327524 | T23: 1.2 | U23: 0.7419 | V23: =Trajectory!P37*(Parameters!$L$7+(Parameters!$M$7-Parameters!$L$7)*(2043-2025)/25) -> 2.2992582 | W23: =Trajectory!Q37*(Parameters!$L$7+(Parameters!$M$7-Parameters!$L$7)*(2043-2025)/25) -> 0 | X23: =MAX(V23,W23) -> 2.2992582 | Y23: =MIN(V23,W23) -> 0 | Z23: 3.2 | AA23: 4.1349 | AB23: =Trajectory!T37*(Parameters!$L$8+(Parameters!$M$8-Parameters!$L$8)*(2043-2025)/25) -> 1.7736679 | AC23: =Trajectory!U37*(Parameters!$L$8+(Parameters!$M$8-Parameters!$L$8)*(2043-2025)/25) -> 0 | AD23: =MAX(AB23,AC23) -> 1.7736679 | AE23: =MIN(AB23,AC23) -> 0 | AF23: 2.2 | AG23: 0.6924 | AH23: =Trajectory!X37*(Parameters!$L$9+(Parameters!$M$9-Parameters!$L$9)*(2043-2025)/25) -> 1.1942278 | AI23: =Trajectory!Y37*(Parameters!$L$9+(Parameters!$M$9-Parameters!$L$9)*(2043-2025)/25) -> 2.1259575 | AJ23: =MAX(AH23,AI23) -> 2.1259575 | AK23: =MIN(AH23,AI23) -> 1.1942278 | AL23: 1.1 | AM23: 1.2361 | AN23: =Trajectory!AB37*(Parameters!$L$10+(Parameters!$M$10-Parameters!$L$10)*(2043-2025)/25) -> 0.60608523 | AO23: =Trajectory!AC37*(Parameters!$L$10+(Parameters!$M$10-Parameters!$L$10)*(2043-2025)/25) -> 1.132399 | AP23: =MAX(AN23,AO23) -> 1.132399 | AQ23: =MIN(AN23,AO23) -> 0.60608523 | AR23: 0.7 | AS23: 0.7892 | AT23: =Trajectory!AF37*(Parameters!$L$11+(Parameters!$M$11-Parameters!$L$11)*(2043-2025)/25) -> 1.072966 | AU23: =Trajectory!AG37*(Parameters!$L$11+(Parameters!$M$11-Parameters!$L$11)*(2043-2025)/25) -> 1.4352702 | AV23: =MAX(AT23,AU23) -> 1.4352702 | AW23: =MIN(AT23,AU23) -> 1.072966 | AX23: 1.6 | AY23: 0.3053 | AZ23: =Trajectory!AJ37*(Parameters!$L$12+(Parameters!$M$12-Parameters!$L$12)*(2043-2025)/25) -> 1.4808746 | BA23: =Trajectory!AK37*(Parameters!$L$12+(Parameters!$M$12-Parameters!$L$12)*(2043-2025)/25) -> 3.4052492 | BB23: =MAX(AZ23,BA23) -> 3.4052492 | BC23: =MIN(AZ23,BA23) -> 1.4808746 | BD23: 0.7 | BE23: 0.0476 | BF23: =Trajectory!AN37*(Parameters!$L$13+(Parameters!$M$13-Parameters!$L$13)*(2043-2025)/25) -> 0.31851431 | BG23: =Trajectory!AO37*(Parameters!$L$13+(Parameters!$M$13-Parameters!$L$13)*(2043-2025)/25) -> 0.044924132 | BH23: =MAX(BF23,BG23) -> 0.31851431 | BI23: =MIN(BF23,BG23) -> 0.044924132 | BJ23: 1 | BK23: 0.2115 | BL23: =Trajectory!AR37*(Parameters!$L$14+(Parameters!$M$14-Parameters!$L$14)*(2043-2025)/25) -> 0.44143426 | BM23: =Trajectory!AS37*(Parameters!$L$14+(Parameters!$M$14-Parameters!$L$14)*(2043-2025)/25) -> 0.54787425 | BN23: =MAX(BL23,BM23) -> 0.54787425 | BO23: =MIN(BL23,BM23) -> 0.44143426 | BP23: 0.6 | BQ23: 0.0243 | BR23: =Trajectory!AV37*(Parameters!$L$15+(Parameters!$M$15-Parameters!$L$15)*(2043-2025)/25) -> 0.25160587 | BS23: =Trajectory!AW37*(Parameters!$L$15+(Parameters!$M$15-Parameters!$L$15)*(2043-2025)/25) -> 0 | BT23: =MAX(BR23,BS23) -> 0.25160587 | BU23: =MIN(BR23,BS23) -> 0
A24: 2044 | B24: 5.5 | C24: 10 | D24: =Trajectory!D38*(Parameters!$L$4+(Parameters!$M$4-Parameters!$L$4)*(2044-2025)/25) -> 3.5701511 | E24: =Trajectory!E38*(Parameters!$L$4+(Parameters!$M$4-Parameters!$L$4)*(2044-2025)/25) -> 0 | F24: =MAX(D24,E24) -> 3.5701511 | G24: =MIN(D24,E24) -> 0 | H24: 3.5 | I24: 3.2222 | J24: =Trajectory!H38*(Parameters!$L$5+(Parameters!$M$5-Parameters!$L$5)*(2044-2025)/25) -> 3.2939144 | K24: =Trajectory!I38*(Parameters!$L$5+(Parameters!$M$5-Parameters!$L$5)*(2044-2025)/25) -> 0 | L24: =MAX(J24,K24) -> 3.2939144 | M24: =MIN(J24,K24) -> 0 | N24: 1.6 | O24: 3.8684 | P24: =Trajectory!L38*(Parameters!$L$6+(Parameters!$M$6-Parameters!$L$6)*(2044-2025)/25) -> 1.6149927 | Q24: =Trajectory!M38*(Parameters!$L$6+(Parameters!$M$6-Parameters!$L$6)*(2044-2025)/25) -> 1.4507661 | R24: =MAX(P24,Q24) -> 1.6149927 | S24: =MIN(P24,Q24) -> 1.4507661 | T24: 1.2 | U24: 0.7419 | V24: =Trajectory!P38*(Parameters!$L$7+(Parameters!$M$7-Parameters!$L$7)*(2044-2025)/25) -> 2.0819714 | W24: =Trajectory!Q38*(Parameters!$L$7+(Parameters!$M$7-Parameters!$L$7)*(2044-2025)/25) -> 0 | X24: =MAX(V24,W24) -> 2.0819714 | Y24: =MIN(V24,W24) -> 0 | Z24: 3.2 | AA24: 4.1349 | AB24: =Trajectory!T38*(Parameters!$L$8+(Parameters!$M$8-Parameters!$L$8)*(2044-2025)/25) -> 1.601003 | AC24: =Trajectory!U38*(Parameters!$L$8+(Parameters!$M$8-Parameters!$L$8)*(2044-2025)/25) -> 0 | AD24: =MAX(AB24,AC24) -> 1.601003 | AE24: =MIN(AB24,AC24) -> 0 | AF24: 2.2 | AG24: 0.6924 | AH24: =Trajectory!X38*(Parameters!$L$9+(Parameters!$M$9-Parameters!$L$9)*(2044-2025)/25) -> 1.1004133 | AI24: =Trajectory!Y38*(Parameters!$L$9+(Parameters!$M$9-Parameters!$L$9)*(2044-2025)/25) -> 2.2726125 | AJ24: =MAX(AH24,AI24) -> 2.2726125 | AK24: =MIN(AH24,AI24) -> 1.1004133 | AL24: 1.1 | AM24: 1.2361 | AN24: =Trajectory!AB38*(Parameters!$L$10+(Parameters!$M$10-Parameters!$L$10)*(2044-2025)/25) -> 0.55911109 | AO24: =Trajectory!AC38*(Parameters!$L$10+(Parameters!$M$10-Parameters!$L$10)*(2044-2025)/25) -> 1.221258 | AP24: =MAX(AN24,AO24) -> 1.221258 | AQ24: =MIN(AN24,AO24) -> 0.55911109 | AR24: 0.7 | AS24: 0.7892 | AT24: =Trajectory!AF38*(Parameters!$L$11+(Parameters!$M$11-Parameters!$L$11)*(2044-2025)/25) -> 0.99743433 | AU24: =Trajectory!AG38*(Parameters!$L$11+(Parameters!$M$11-Parameters!$L$11)*(2044-2025)/25) -> 1.5338398 | AV24: =MAX(AT24,AU24) -> 1.5338398 | AW24: =MIN(AT24,AU24) -> 0.99743433 | AX24: 1.6 | AY24: 0.3053 | AZ24: =Trajectory!AJ38*(Parameters!$L$12+(Parameters!$M$12-Parameters!$L$12)*(2044-2025)/25) -> 1.3229962 | BA24: =Trajectory!AK38*(Parameters!$L$12+(Parameters!$M$12-Parameters!$L$12)*(2044-2025)/25) -> 3.775424 | BB24: =MAX(AZ24,BA24) -> 3.775424 | BC24: =MIN(AZ24,BA24) -> 1.3229962 | BD24: 0.7 | BE24: 0.0476 | BF24: =Trajectory!AN38*(Parameters!$L$13+(Parameters!$M$13-Parameters!$L$13)*(2044-2025)/25) -> 0.2717092 | BG24: =Trajectory!AO38*(Parameters!$L$13+(Parameters!$M$13-Parameters!$L$13)*(2044-2025)/25) -> 0.0497835 | BH24: =MAX(BF24,BG24) -> 0.2717092 | BI24: =MIN(BF24,BG24) -> 0.0497835 | BJ24: 1 | BK24: 0.2115 | BL24: =Trajectory!AR38*(Parameters!$L$14+(Parameters!$M$14-Parameters!$L$14)*(2044-2025)/25) -> 0.40722126 | BM24: =Trajectory!AS38*(Parameters!$L$14+(Parameters!$M$14-Parameters!$L$14)*(2044-2025)/25) -> 0.60743209 | BN24: =MAX(BL24,BM24) -> 0.60743209 | BO24: =MIN(BL24,BM24) -> 0.40722126 | BP24: 0.6 | BQ24: 0.0243 | BR24: =Trajectory!AV38*(Parameters!$L$15+(Parameters!$M$15-Parameters!$L$15)*(2044-2025)/25) -> 0.23389403 | BS24: =Trajectory!AW38*(Parameters!$L$15+(Parameters!$M$15-Parameters!$L$15)*(2044-2025)/25) -> 0 | BT24: =MAX(BR24,BS24) -> 0.23389403 | BU24: =MIN(BR24,BS24) -> 0
A25: 2045 | B25: 5.5 | C25: 10 | D25: =Trajectory!D39*(Parameters!$L$4+(Parameters!$M$4-Parameters!$L$4)*(2045-2025)/25) -> 3.1919412 | E25: =Trajectory!E39*(Parameters!$L$4+(Parameters!$M$4-Parameters!$L$4)*(2045-2025)/25) -> 0 | F25: =MAX(D25,E25) -> 3.1919412 | G25: =MIN(D25,E25) -> 0 | H25: 3.5 | I25: 3.2222 | J25: =Trajectory!H39*(Parameters!$L$5+(Parameters!$M$5-Parameters!$L$5)*(2045-2025)/25) -> 2.9669619 | K25: =Trajectory!I39*(Parameters!$L$5+(Parameters!$M$5-Parameters!$L$5)*(2045-2025)/25) -> 0 | L25: =MAX(J25,K25) -> 2.9669619 | M25: =MIN(J25,K25) -> 0 | N25: 1.6 | O25: 3.8684 | P25: =Trajectory!L39*(Parameters!$L$6+(Parameters!$M$6-Parameters!$L$6)*(2045-2025)/25) -> 1.4256002 | Q25: =Trajectory!M39*(Parameters!$L$6+(Parameters!$M$6-Parameters!$L$6)*(2045-2025)/25) -> 1.5791323 | R25: =MAX(P25,Q25) -> 1.5791323 | S25: =MIN(P25,Q25) -> 1.4256002 | T25: 1.2 | U25: 0.7419 | V25: =Trajectory!P39*(Parameters!$L$7+(Parameters!$M$7-Parameters!$L$7)*(2045-2025)/25) -> 1.8598943 | W25: =Trajectory!Q39*(Parameters!$L$7+(Parameters!$M$7-Parameters!$L$7)*(2045-2025)/25) -> 0 | X25: =MAX(V25,W25) -> 1.8598943 | Y25: =MIN(V25,W25) -> 0 | Z25: 3.2 | AA25: 4.1349 | AB25: =Trajectory!T39*(Parameters!$L$8+(Parameters!$M$8-Parameters!$L$8)*(2045-2025)/25) -> 1.4313981 | AC25: =Trajectory!U39*(Parameters!$L$8+(Parameters!$M$8-Parameters!$L$8)*(2045-2025)/25) -> 0 | AD25: =MAX(AB25,AC25) -> 1.4313981 | AE25: =MIN(AB25,AC25) -> 0 | AF25: 2.2 | AG25: 0.6924 | AH25: =Trajectory!X39*(Parameters!$L$9+(Parameters!$M$9-Parameters!$L$9)*(2045-2025)/25) -> 1.0054939 | AI25: =Trajectory!Y39*(Parameters!$L$9+(Parameters!$M$9-Parameters!$L$9)*(2045-2025)/25) -> 2.4292127 | AJ25: =MAX(AH25,AI25) -> 2.4292127 | AK25: =MIN(AH25,AI25) -> 1.0054939 | AL25: 1.1 | AM25: 1.2361 | AN25: =Trajectory!AB39*(Parameters!$L$10+(Parameters!$M$10-Parameters!$L$10)*(2045-2025)/25) -> 0.50974364 | AO25: =Trajectory!AC39*(Parameters!$L$10+(Parameters!$M$10-Parameters!$L$10)*(2045-2025)/25) -> 1.3170084 | AP25: =MAX(AN25,AO25) -> 1.3170084 | AQ25: =MIN(AN25,AO25) -> 0.50974364 | AR25: 0.7 | AS25: 0.7892 | AT25: =Trajectory!AF39*(Parameters!$L$11+(Parameters!$M$11-Parameters!$L$11)*(2045-2025)/25) -> 0.91875528 | AU25: =Trajectory!AG39*(Parameters!$L$11+(Parameters!$M$11-Parameters!$L$11)*(2045-2025)/25) -> 1.6390707 | AV25: =MAX(AT25,AU25) -> 1.6390707 | AW25: =MIN(AT25,AU25) -> 0.91875528 | AX25: 1.6 | AY25: 0.3053 | AZ25: =Trajectory!AJ39*(Parameters!$L$12+(Parameters!$M$12-Parameters!$L$12)*(2045-2025)/25) -> 1.1678466 | BA25: =Trajectory!AK39*(Parameters!$L$12+(Parameters!$M$12-Parameters!$L$12)*(2045-2025)/25) -> 4.1855814 | BB25: =MAX(AZ25,BA25) -> 4.1855814 | BC25: =MIN(AZ25,BA25) -> 1.1678466 | BD25: 0.7 | BE25: 0.0476 | BF25: =Trajectory!AN39*(Parameters!$L$13+(Parameters!$M$13-Parameters!$L$13)*(2045-2025)/25) -> 0.22957314 | BG25: =Trajectory!AO39*(Parameters!$L$13+(Parameters!$M$13-Parameters!$L$13)*(2045-2025)/25) -> 0.0551655 | BH25: =MAX(BF25,BG25) -> 0.22957314 | BI25: =MIN(BF25,BG25) -> 0.0551655 | BJ25: 1 | BK25: 0.2115 | BL25: =Trajectory!AR39*(Parameters!$L$14+(Parameters!$M$14-Parameters!$L$14)*(2045-2025)/25) -> 0.37126512 | BM25: =Trajectory!AS39*(Parameters!$L$14+(Parameters!$M$14-Parameters!$L$14)*(2045-2025)/25) -> 0.67342274 | BN25: =MAX(BL25,BM25) -> 0.67342274 | BO25: =MIN(BL25,BM25) -> 0.37126512 | BP25: 0.6 | BQ25: 0.0243 | BR25: =Trajectory!AV39*(Parameters!$L$15+(Parameters!$M$15-Parameters!$L$15)*(2045-2025)/25) -> 0.21544413 | BS25: =Trajectory!AW39*(Parameters!$L$15+(Parameters!$M$15-Parameters!$L$15)*(2045-2025)/25) -> 0 | BT25: =MAX(BR25,BS25) -> 0.21544413 | BU25: =MIN(BR25,BS25) -> 0
A26: 2046 | B26: 5.5 | C26: 10 | D26: =Trajectory!D40*(Parameters!$L$4+(Parameters!$M$4-Parameters!$L$4)*(2046-2025)/25) -> 2.8296805 | E26: =Trajectory!E40*(Parameters!$L$4+(Parameters!$M$4-Parameters!$L$4)*(2046-2025)/25) -> 0 | F26: =MAX(D26,E26) -> 2.8296805 | G26: =MIN(D26,E26) -> 0 | H26: 3.5 | I26: 3.2222 | J26: =Trajectory!H40*(Parameters!$L$5+(Parameters!$M$5-Parameters!$L$5)*(2046-2025)/25) -> 2.6561197 | K26: =Trajectory!I40*(Parameters!$L$5+(Parameters!$M$5-Parameters!$L$5)*(2046-2025)/25) -> 0 | L26: =MAX(J26,K26) -> 2.6561197 | M26: =MIN(J26,K26) -> 0 | N26: 1.6 | O26: 3.8684 | P26: =Trajectory!L40*(Parameters!$L$6+(Parameters!$M$6-Parameters!$L$6)*(2046-2025)/25) -> 1.2452392 | Q26: =Trajectory!M40*(Parameters!$L$6+(Parameters!$M$6-Parameters!$L$6)*(2046-2025)/25) -> 1.7187522 | R26: =MAX(P26,Q26) -> 1.7187522 | S26: =MIN(P26,Q26) -> 1.2452392 | T26: 1.2 | U26: 0.7419 | V26: =Trajectory!P40*(Parameters!$L$7+(Parameters!$M$7-Parameters!$L$7)*(2046-2025)/25) -> 1.6416823 | W26: =Trajectory!Q40*(Parameters!$L$7+(Parameters!$M$7-Parameters!$L$7)*(2046-2025)/25) -> 0 | X26: =MAX(V26,W26) -> 1.6416823 | Y26: =MIN(V26,W26) -> 0 | Z26: 3.2 | AA26: 4.1349 | AB26: =Trajectory!T40*(Parameters!$L$8+(Parameters!$M$8-Parameters!$L$8)*(2046-2025)/25) -> 1.2689455 | AC26: =Trajectory!U40*(Parameters!$L$8+(Parameters!$M$8-Parameters!$L$8)*(2046-2025)/25) -> 0 | AD26: =MAX(AB26,AC26) -> 1.2689455 | AE26: =MIN(AB26,AC26) -> 0 | AF26: 2.2 | AG26: 0.6924 | AH26: =Trajectory!X40*(Parameters!$L$9+(Parameters!$M$9-Parameters!$L$9)*(2046-2025)/25) -> 0.91179361 | AI26: =Trajectory!Y40*(Parameters!$L$9+(Parameters!$M$9-Parameters!$L$9)*(2046-2025)/25) -> 2.5964235 | AJ26: =MAX(AH26,AI26) -> 2.5964235 | AK26: =MIN(AH26,AI26) -> 0.91179361 | AL26: 1.1 | AM26: 1.2361 | AN26: =Trajectory!AB40*(Parameters!$L$10+(Parameters!$M$10-Parameters!$L$10)*(2046-2025)/25) -> 0.45980925 | AO26: =Trajectory!AC40*(Parameters!$L$10+(Parameters!$M$10-Parameters!$L$10)*(2046-2025)/25) -> 0.53419208 | AP26: =MAX(AN26,AO26) -> 0.53419208 | AQ26: =MIN(AN26,AO26) -> 0.45980925 | AR26: 0.7 | AS26: 0.7892 | AT26: =Trajectory!AF40*(Parameters!$L$11+(Parameters!$M$11-Parameters!$L$11)*(2046-2025)/25) -> 0.83921425 | AU26: =Trajectory!AG40*(Parameters!$L$11+(Parameters!$M$11-Parameters!$L$11)*(2046-2025)/25) -> 1.7514076 | AV26: =MAX(AT26,AU26) -> 1.7514076 | AW26: =MIN(AT26,AU26) -> 0.83921425 | AX26: 1.6 | AY26: 0.3053 | AZ26: =Trajectory!AJ40*(Parameters!$L$12+(Parameters!$M$12-Parameters!$L$12)*(2046-2025)/25) -> 1.0200955 | BA26: =Trajectory!AK40*(Parameters!$L$12+(Parameters!$M$12-Parameters!$L$12)*(2046-2025)/25) -> 1.1647608 | BB26: =MAX(AZ26,BA26) -> 1.1647608 | BC26: =MIN(AZ26,BA26) -> 1.0200955 | BD26: 0.7 | BE26: 0.0476 | BF26: =Trajectory!AN40*(Parameters!$L$13+(Parameters!$M$13-Parameters!$L$13)*(2046-2025)/25) -> 0.19241709 | BG26: =Trajectory!AO40*(Parameters!$L$13+(Parameters!$M$13-Parameters!$L$13)*(2046-2025)/25) -> 0.061126065 | BH26: =MAX(BF26,BG26) -> 0.19241709 | BI26: =MIN(BF26,BG26) -> 0.061126065 | BJ26: 1 | BK26: 0.2115 | BL26: =Trajectory!AR40*(Parameters!$L$14+(Parameters!$M$14-Parameters!$L$14)*(2046-2025)/25) -> 0.33489606 | BM26: =Trajectory!AS40*(Parameters!$L$14+(Parameters!$M$14-Parameters!$L$14)*(2046-2025)/25) -> 0.74653721 | BN26: =MAX(BL26,BM26) -> 0.74653721 | BO26: =MIN(BL26,BM26) -> 0.33489606 | BP26: 0.6 | BQ26: 0.0243 | BR26: =Trajectory!AV40*(Parameters!$L$15+(Parameters!$M$15-Parameters!$L$15)*(2046-2025)/25) -> 0.1967921 | BS26: =Trajectory!AW40*(Parameters!$L$15+(Parameters!$M$15-Parameters!$L$15)*(2046-2025)/25) -> 0 | BT26: =MAX(BR26,BS26) -> 0.1967921 | BU26: =MIN(BR26,BS26) -> 0
A27: 2047 | B27: 5.5 | C27: 10 | D27: =Trajectory!D41*(Parameters!$L$4+(Parameters!$M$4-Parameters!$L$4)*(2047-2025)/25) -> 2.4898587 | E27: =Trajectory!E41*(Parameters!$L$4+(Parameters!$M$4-Parameters!$L$4)*(2047-2025)/25) -> 0 | F27: =MAX(D27,E27) -> 2.4898587 | G27: =MIN(D27,E27) -> 0 | H27: 3.5 | I27: 3.2222 | J27: =Trajectory!H41*(Parameters!$L$5+(Parameters!$M$5-Parameters!$L$5)*(2047-2025)/25) -> 2.3649089 | K27: =Trajectory!I41*(Parameters!$L$5+(Parameters!$M$5-Parameters!$L$5)*(2047-2025)/25) -> 0 | L27: =MAX(J27,K27) -> 2.3649089 | M27: =MIN(J27,K27) -> 0 | N27: 1.6 | O27: 3.8684 | P27: =Trajectory!L41*(Parameters!$L$6+(Parameters!$M$6-Parameters!$L$6)*(2047-2025)/25) -> 1.0778024 | Q27: =Trajectory!M41*(Parameters!$L$6+(Parameters!$M$6-Parameters!$L$6)*(2047-2025)/25) -> 1.8706048 | R27: =MAX(P27,Q27) -> 1.8706048 | S27: =MIN(P27,Q27) -> 1.0778024 | T27: 1.2 | U27: 0.7419 | V27: =Trajectory!P41*(Parameters!$L$7+(Parameters!$M$7-Parameters!$L$7)*(2047-2025)/25) -> 1.4338978 | W27: =Trajectory!Q41*(Parameters!$L$7+(Parameters!$M$7-Parameters!$L$7)*(2047-2025)/25) -> 0 | X27: =MAX(V27,W27) -> 1.4338978 | Y27: =MIN(V27,W27) -> 0 | Z27: 3.2 | AA27: 4.1349 | AB27: =Trajectory!T41*(Parameters!$L$8+(Parameters!$M$8-Parameters!$L$8)*(2047-2025)/25) -> 1.1165554 | AC27: =Trajectory!U41*(Parameters!$L$8+(Parameters!$M$8-Parameters!$L$8)*(2047-2025)/25) -> 0 | AD27: =MAX(AB27,AC27) -> 1.1165554 | AE27: =MIN(AB27,AC27) -> 0 | AF27: 2.2 | AG27: 0.6924 | AH27: =Trajectory!X41*(Parameters!$L$9+(Parameters!$M$9-Parameters!$L$9)*(2047-2025)/25) -> 0.82117627 | AI27: =Trajectory!Y41*(Parameters!$L$9+(Parameters!$M$9-Parameters!$L$9)*(2047-2025)/25) -> 2.7749544 | AJ27: =MAX(AH27,AI27) -> 2.7749544 | AK27: =MIN(AH27,AI27) -> 0.82117627 | AL27: 1.1 | AM27: 1.2361 | AN27: =Trajectory!AB41*(Parameters!$L$10+(Parameters!$M$10-Parameters!$L$10)*(2047-2025)/25) -> 0.41082487 | AO27: =Trajectory!AC41*(Parameters!$L$10+(Parameters!$M$10-Parameters!$L$10)*(2047-2025)/25) -> 0 | AP27: =MAX(AN27,AO27) -> 0.41082487 | AQ27: =MIN(AN27,AO27) -> 0 | AR27: 0.7 | AS27: 0.7892 | AT27: =Trajectory!AF41*(Parameters!$L$11+(Parameters!$M$11-Parameters!$L$11)*(2047-2025)/25) -> 0.76074967 | AU27: =Trajectory!AG41*(Parameters!$L$11+(Parameters!$M$11-Parameters!$L$11)*(2047-2025)/25) -> 1.8713242 | AV27: =MAX(AT27,AU27) -> 1.8713242 | AW27: =MIN(AT27,AU27) -> 0.76074967 | AX27: 1.6 | AY27: 0.3053 | AZ27: =Trajectory!AJ41*(Parameters!$L$12+(Parameters!$M$12-Parameters!$L$12)*(2047-2025)/25) -> 0.8829319 | BA27: =Trajectory!AK41*(Parameters!$L$12+(Parameters!$M$12-Parameters!$L$12)*(2047-2025)/25) -> 0 | BB27: =MAX(AZ27,BA27) -> 0.8829319 | BC27: =MIN(AZ27,BA27) -> 0 | BD27: 0.7 | BE27: 0.0476 | BF27: =Trajectory!AN41*(Parameters!$L$13+(Parameters!$M$13-Parameters!$L$13)*(2047-2025)/25) -> 0.16019662 | BG27: =Trajectory!AO41*(Parameters!$L$13+(Parameters!$M$13-Parameters!$L$13)*(2047-2025)/25) -> 0.067727087 | BH27: =MAX(BF27,BG27) -> 0.16019662 | BI27: =MIN(BF27,BG27) -> 0.067727087 | BJ27: 1 | BK27: 0.2115 | BL27: =Trajectory!AR41*(Parameters!$L$14+(Parameters!$M$14-Parameters!$L$14)*(2047-2025)/25) -> 0.29921893 | BM27: =Trajectory!AS41*(Parameters!$L$14+(Parameters!$M$14-Parameters!$L$14)*(2047-2025)/25) -> 0.82754035 | BN27: =MAX(BL27,BM27) -> 0.82754035 | BO27: =MIN(BL27,BM27) -> 0.29921893 | BP27: 0.6 | BQ27: 0.0243 | BR27: =Trajectory!AV41*(Parameters!$L$15+(Parameters!$M$15-Parameters!$L$15)*(2047-2025)/25) -> 0.1783925 | BS27: =Trajectory!AW41*(Parameters!$L$15+(Parameters!$M$15-Parameters!$L$15)*(2047-2025)/25) -> 0 | BT27: =MAX(BR27,BS27) -> 0.1783925 | BU27: =MIN(BR27,BS27) -> 0
A28: 2048 | B28: 5.5 | C28: 10 | D28: =Trajectory!D42*(Parameters!$L$4+(Parameters!$M$4-Parameters!$L$4)*(2048-2025)/25) -> 2.1765834 | E28: =Trajectory!E42*(Parameters!$L$4+(Parameters!$M$4-Parameters!$L$4)*(2048-2025)/25) -> 0 | F28: =MAX(D28,E28) -> 2.1765834 | G28: =MIN(D28,E28) -> 0 | H28: 3.5 | I28: 3.2222 | J28: =Trajectory!H42*(Parameters!$L$5+(Parameters!$M$5-Parameters!$L$5)*(2048-2025)/25) -> 2.0954905 | K28: =Trajectory!I42*(Parameters!$L$5+(Parameters!$M$5-Parameters!$L$5)*(2048-2025)/25) -> 0 | L28: =MAX(J28,K28) -> 2.0954905 | M28: =MIN(J28,K28) -> 0 | N28: 1.6 | O28: 3.8684 | P28: =Trajectory!L42*(Parameters!$L$6+(Parameters!$M$6-Parameters!$L$6)*(2048-2025)/25) -> 0.92557454 | Q28: =Trajectory!M42*(Parameters!$L$6+(Parameters!$M$6-Parameters!$L$6)*(2048-2025)/25) -> 2.0357539 | R28: =MAX(P28,Q28) -> 2.0357539 | S28: =MIN(P28,Q28) -> 0.92557454 | T28: 1.2 | U28: 0.7419 | V28: =Trajectory!P42*(Parameters!$L$7+(Parameters!$M$7-Parameters!$L$7)*(2048-2025)/25) -> 1.2410206 | W28: =Trajectory!Q42*(Parameters!$L$7+(Parameters!$M$7-Parameters!$L$7)*(2048-2025)/25) -> 0 | X28: =MAX(V28,W28) -> 1.2410206 | Y28: =MIN(V28,W28) -> 0 | Z28: 3.2 | AA28: 4.1349 | AB28: =Trajectory!T42*(Parameters!$L$8+(Parameters!$M$8-Parameters!$L$8)*(2048-2025)/25) -> 0.97606976 | AC28: =Trajectory!U42*(Parameters!$L$8+(Parameters!$M$8-Parameters!$L$8)*(2048-2025)/25) -> 0 | AD28: =MAX(AB28,AC28) -> 0.97606976 | AE28: =MIN(AB28,AC28) -> 0 | AF28: 2.2 | AG28: 0.6924 | AH28: =Trajectory!X42*(Parameters!$L$9+(Parameters!$M$9-Parameters!$L$9)*(2048-2025)/25) -> 0.73504379 | AI28: =Trajectory!Y42*(Parameters!$L$9+(Parameters!$M$9-Parameters!$L$9)*(2048-2025)/25) -> 0.83127528 | AJ28: =MAX(AH28,AI28) -> 0.83127528 | AK28: =MIN(AH28,AI28) -> 0.73504379 | AL28: 1.1 | AM28: 1.2361 | AN28: =Trajectory!AB42*(Parameters!$L$10+(Parameters!$M$10-Parameters!$L$10)*(2048-2025)/25) -> 0.36396079 | AO28: =Trajectory!AC42*(Parameters!$L$10+(Parameters!$M$10-Parameters!$L$10)*(2048-2025)/25) -> 0 | AP28: =MAX(AN28,AO28) -> 0.36396079 | AQ28: =MIN(AN28,AO28) -> 0 | AR28: 0.7 | AS28: 0.7892 | AT28: =Trajectory!AF42*(Parameters!$L$11+(Parameters!$M$11-Parameters!$L$11)*(2048-2025)/25) -> 0.68491364 | AU28: =Trajectory!AG42*(Parameters!$L$11+(Parameters!$M$11-Parameters!$L$11)*(2048-2025)/25) -> 1.9993257 | AV28: =MAX(AT28,AU28) -> 1.9993257 | AW28: =MIN(AT28,AU28) -> 0.68491364 | AX28: 1.6 | AY28: 0.3053 | AZ28: =Trajectory!AJ42*(Parameters!$L$12+(Parameters!$M$12-Parameters!$L$12)*(2048-2025)/25) -> 0.75822735 | BA28: =Trajectory!AK42*(Parameters!$L$12+(Parameters!$M$12-Parameters!$L$12)*(2048-2025)/25) -> 0 | BB28: =MAX(AZ28,BA28) -> 0.75822735 | BC28: =MIN(AZ28,BA28) -> 0 | BD28: 0.7 | BE28: 0.0476 | BF28: =Trajectory!AN42*(Parameters!$L$13+(Parameters!$M$13-Parameters!$L$13)*(2048-2025)/25) -> 0.13263265 | BG28: =Trajectory!AO42*(Parameters!$L$13+(Parameters!$M$13-Parameters!$L$13)*(2048-2025)/25) -> 0.075037054 | BH28: =MAX(BF28,BG28) -> 0.13263265 | BI28: =MIN(BF28,BG28) -> 0.075037054 | BJ28: 1 | BK28: 0.2115 | BL28: =Trajectory!AR42*(Parameters!$L$14+(Parameters!$M$14-Parameters!$L$14)*(2048-2025)/25) -> 0.26508609 | BM28: =Trajectory!AS42*(Parameters!$L$14+(Parameters!$M$14-Parameters!$L$14)*(2048-2025)/25) -> 0.91727874 | BN28: =MAX(BL28,BM28) -> 0.91727874 | BO28: =MIN(BL28,BM28) -> 0.26508609 | BP28: 0.6 | BQ28: 0.0243 | BR28: =Trajectory!AV42*(Parameters!$L$15+(Parameters!$M$15-Parameters!$L$15)*(2048-2025)/25) -> 0.16060928 | BS28: =Trajectory!AW42*(Parameters!$L$15+(Parameters!$M$15-Parameters!$L$15)*(2048-2025)/25) -> 0 | BT28: =MAX(BR28,BS28) -> 0.16060928 | BU28: =MIN(BR28,BS28) -> 0
A29: 2049 | B29: 5.5 | C29: 10 | D29: =Trajectory!D43*(Parameters!$L$4+(Parameters!$M$4-Parameters!$L$4)*(2049-2025)/25) -> 1.8919594 | E29: =Trajectory!E43*(Parameters!$L$4+(Parameters!$M$4-Parameters!$L$4)*(2049-2025)/25) -> 0 | F29: =MAX(D29,E29) -> 1.8919594 | G29: =MIN(D29,E29) -> 0 | H29: 3.5 | I29: 3.2222 | J29: =Trajectory!H43*(Parameters!$L$5+(Parameters!$M$5-Parameters!$L$5)*(2049-2025)/25) -> 1.8488928 | K29: =Trajectory!I43*(Parameters!$L$5+(Parameters!$M$5-Parameters!$L$5)*(2049-2025)/25) -> 0 | L29: =MAX(J29,K29) -> 1.8488928 | M29: =MIN(J29,K29) -> 0 | N29: 1.6 | O29: 3.8684 | P29: =Trajectory!L43*(Parameters!$L$6+(Parameters!$M$6-Parameters!$L$6)*(2049-2025)/25) -> 0.78953066 | Q29: =Trajectory!M43*(Parameters!$L$6+(Parameters!$M$6-Parameters!$L$6)*(2049-2025)/25) -> 2.2153549 | R29: =MAX(P29,Q29) -> 2.2153549 | S29: =MIN(P29,Q29) -> 0.78953066 | T29: 1.2 | U29: 0.7419 | V29: =Trajectory!P43*(Parameters!$L$7+(Parameters!$M$7-Parameters!$L$7)*(2049-2025)/25) -> 1.0656781 | W29: =Trajectory!Q43*(Parameters!$L$7+(Parameters!$M$7-Parameters!$L$7)*(2049-2025)/25) -> 0 | X29: =MAX(V29,W29) -> 1.0656781 | Y29: =MIN(V29,W29) -> 0 | Z29: 3.2 | AA29: 4.1349 | AB29: =Trajectory!T43*(Parameters!$L$8+(Parameters!$M$8-Parameters!$L$8)*(2049-2025)/25) -> 0.84843265 | AC29: =Trajectory!U43*(Parameters!$L$8+(Parameters!$M$8-Parameters!$L$8)*(2049-2025)/25) -> 0 | AD29: =MAX(AB29,AC29) -> 0.84843265 | AE29: =MIN(AB29,AC29) -> 0 | AF29: 2.2 | AG29: 0.6924 | AH29: =Trajectory!X43*(Parameters!$L$9+(Parameters!$M$9-Parameters!$L$9)*(2049-2025)/25) -> 0.65436809 | AI29: =Trajectory!Y43*(Parameters!$L$9+(Parameters!$M$9-Parameters!$L$9)*(2049-2025)/25) -> 0 | AJ29: =MAX(AH29,AI29) -> 0.65436809 | AK29: =MIN(AH29,AI29) -> 0 | AL29: 1.1 | AM29: 1.2361 | AN29: =Trajectory!AB43*(Parameters!$L$10+(Parameters!$M$10-Parameters!$L$10)*(2049-2025)/25) -> 0.3200455 | AO29: =Trajectory!AC43*(Parameters!$L$10+(Parameters!$M$10-Parameters!$L$10)*(2049-2025)/25) -> 0 | AP29: =MAX(AN29,AO29) -> 0.3200455 | AQ29: =MIN(AN29,AO29) -> 0 | AR29: 0.7 | AS29: 0.7892 | AT29: =Trajectory!AF43*(Parameters!$L$11+(Parameters!$M$11-Parameters!$L$11)*(2049-2025)/25) -> 0.61287112 | AU29: =Trajectory!AG43*(Parameters!$L$11+(Parameters!$M$11-Parameters!$L$11)*(2049-2025)/25) -> 2.1359507 | AV29: =MAX(AT29,AU29) -> 2.1359507 | AW29: =MIN(AT29,AU29) -> 0.61287112 | AX29: 1.6 | AY29: 0.3053 | AZ29: =Trajectory!AJ43*(Parameters!$L$12+(Parameters!$M$12-Parameters!$L$12)*(2049-2025)/25) -> 0.64678069 | BA29: =Trajectory!AK43*(Parameters!$L$12+(Parameters!$M$12-Parameters!$L$12)*(2049-2025)/25) -> 0 | BB29: =MAX(AZ29,BA29) -> 0.64678069 | BC29: =MIN(AZ29,BA29) -> 0 | BD29: 0.7 | BE29: 0.0476 | BF29: =Trajectory!AN43*(Parameters!$L$13+(Parameters!$M$13-Parameters!$L$13)*(2049-2025)/25) -> 0.10930994 | BG29: =Trajectory!AO43*(Parameters!$L$13+(Parameters!$M$13-Parameters!$L$13)*(2049-2025)/25) -> 0.083131744 | BH29: =MAX(BF29,BG29) -> 0.10930994 | BI29: =MIN(BF29,BG29) -> 0.083131744 | BJ29: 1 | BK29: 0.2115 | BL29: =Trajectory!AR43*(Parameters!$L$14+(Parameters!$M$14-Parameters!$L$14)*(2049-2025)/25) -> 0.23310096 | BM29: =Trajectory!AS43*(Parameters!$L$14+(Parameters!$M$14-Parameters!$L$14)*(2049-2025)/25) -> 1.0166894 | BN29: =MAX(BL29,BM29) -> 1.0166894 | BO29: =MIN(BL29,BM29) -> 0.23310096 | BP29: 0.6 | BQ29: 0.0243 | BR29: =Trajectory!AV43*(Parameters!$L$15+(Parameters!$M$15-Parameters!$L$15)*(2049-2025)/25) -> 0.14371562 | BS29: =Trajectory!AW43*(Parameters!$L$15+(Parameters!$M$15-Parameters!$L$15)*(2049-2025)/25) -> 0 | BT29: =MAX(BR29,BS29) -> 0.14371562 | BU29: =MIN(BR29,BS29) -> 0
A30: 2050 | B30: 5.5 | C30: 10 | D30: =Trajectory!D44*(Parameters!$L$4+(Parameters!$M$4-Parameters!$L$4)*(2050-2025)/25) -> 1.6365129 | E30: =Trajectory!E44*(Parameters!$L$4+(Parameters!$M$4-Parameters!$L$4)*(2050-2025)/25) -> 0 | F30: =MAX(D30,E30) -> 1.6365129 | G30: =MIN(D30,E30) -> 0 | H30: 3.5 | I30: 3.2222 | J30: =Trajectory!H44*(Parameters!$L$5+(Parameters!$M$5-Parameters!$L$5)*(2050-2025)/25) -> 1.6252464 | K30: =Trajectory!I44*(Parameters!$L$5+(Parameters!$M$5-Parameters!$L$5)*(2050-2025)/25) -> 0 | L30: =MAX(J30,K30) -> 1.6252464 | M30: =MIN(J30,K30) -> 0 | N30: 1.6 | O30: 3.8684 | P30: =Trajectory!L44*(Parameters!$L$6+(Parameters!$M$6-Parameters!$L$6)*(2050-2025)/25) -> 0.66966009 | Q30: =Trajectory!M44*(Parameters!$L$6+(Parameters!$M$6-Parameters!$L$6)*(2050-2025)/25) -> 2.4106633 | R30: =MAX(P30,Q30) -> 2.4106633 | S30: =MIN(P30,Q30) -> 0.66966009 | T30: 1.2 | U30: 0.7419 | V30: =Trajectory!P44*(Parameters!$L$7+(Parameters!$M$7-Parameters!$L$7)*(2050-2025)/25) -> 0.90898944 | W30: =Trajectory!Q44*(Parameters!$L$7+(Parameters!$M$7-Parameters!$L$7)*(2050-2025)/25) -> 0 | X30: =MAX(V30,W30) -> 0.90898944 | Y30: =MIN(V30,W30) -> 0 | Z30: 3.2 | AA30: 4.1349 | AB30: =Trajectory!T44*(Parameters!$L$8+(Parameters!$M$8-Parameters!$L$8)*(2050-2025)/25) -> 0.73387991 | AC30: =Trajectory!U44*(Parameters!$L$8+(Parameters!$M$8-Parameters!$L$8)*(2050-2025)/25) -> 0 | AD30: =MAX(AB30,AC30) -> 0.73387991 | AE30: =MIN(AB30,AC30) -> 0 | AF30: 2.2 | AG30: 0.6924 | AH30: =Trajectory!X44*(Parameters!$L$9+(Parameters!$M$9-Parameters!$L$9)*(2050-2025)/25) -> 0.57974424 | AI30: =Trajectory!Y44*(Parameters!$L$9+(Parameters!$M$9-Parameters!$L$9)*(2050-2025)/25) -> 0 | AJ30: =MAX(AH30,AI30) -> 0.57974424 | AK30: =MIN(AH30,AI30) -> 0 | AL30: 1.1 | AM30: 1.2361 | AN30: =Trajectory!AB44*(Parameters!$L$10+(Parameters!$M$10-Parameters!$L$10)*(2050-2025)/25) -> 0.27959958 | AO30: =Trajectory!AC44*(Parameters!$L$10+(Parameters!$M$10-Parameters!$L$10)*(2050-2025)/25) -> 0 | AP30: =MAX(AN30,AO30) -> 0.27959958 | AQ30: =MIN(AN30,AO30) -> 0 | AR30: 0.7 | AS30: 0.7892 | AT30: =Trajectory!AF44*(Parameters!$L$11+(Parameters!$M$11-Parameters!$L$11)*(2050-2025)/25) -> 0.54542727 | AU30: =Trajectory!AG44*(Parameters!$L$11+(Parameters!$M$11-Parameters!$L$11)*(2050-2025)/25) -> 2.2817731 | AV30: =MAX(AT30,AU30) -> 2.2817731 | AW30: =MIN(AT30,AU30) -> 0.54542727 | AX30: 1.6 | AY30: 0.3053 | AZ30: =Trajectory!AJ44*(Parameters!$L$12+(Parameters!$M$12-Parameters!$L$12)*(2050-2025)/25) -> 0.54858315 | BA30: =Trajectory!AK44*(Parameters!$L$12+(Parameters!$M$12-Parameters!$L$12)*(2050-2025)/25) -> 0 | BB30: =MAX(AZ30,BA30) -> 0.54858315 | BC30: =MIN(AZ30,BA30) -> 0 | BD30: 0.7 | BE30: 0.0476 | BF30: =Trajectory!AN44*(Parameters!$L$13+(Parameters!$M$13-Parameters!$L$13)*(2050-2025)/25) -> 0.089750695 | BG30: =Trajectory!AO44*(Parameters!$L$13+(Parameters!$M$13-Parameters!$L$13)*(2050-2025)/25) -> 0.092095001 | BH30: =MAX(BF30,BG30) -> 0.092095001 | BI30: =MIN(BF30,BG30) -> 0.089750695 | BJ30: 1 | BK30: 0.2115 | BL30: =Trajectory!AR44*(Parameters!$L$14+(Parameters!$M$14-Parameters!$L$14)*(2050-2025)/25) -> 0.20364271 | BM30: =Trajectory!AS44*(Parameters!$L$14+(Parameters!$M$14-Parameters!$L$14)*(2050-2025)/25) -> 1.1268094 | BN30: =MAX(BL30,BM30) -> 1.1268094 | BO30: =MIN(BL30,BM30) -> 0.20364271 | BP30: 0.6 | BQ30: 0.0243 | BR30: =Trajectory!AV44*(Parameters!$L$15+(Parameters!$M$15-Parameters!$L$15)*(2050-2025)/25) -> 0.12790033 | BS30: =Trajectory!AW44*(Parameters!$L$15+(Parameters!$M$15-Parameters!$L$15)*(2050-2025)/25) -> 0 | BT30: =MAX(BR30,BS30) -> 0.12790033 | BU30: =MIN(BR30,BS30) -> 0

Sheet Export
A1: DROP-IN export (AnnualMaxCapacity_Final format). Copy a whole block. Live formulas track Parameters.
A3: LOGISTIC x HEADROOM (pure logistic delta x Headroom[y]) — saturating cap
