Workbook
Name Tech_ARG: _TechByCountry!$A$2:$A$26
Name Tech_BOL: _TechByCountry!$B$2:$B$25
Name Tech_BRA: _TechByCountry!$C$2:$C$25
Name Tech_BRB: _TechByCountry!$D$2:$D$21
Name Tech_CHL: _TechByCountry!$E$2:$E$22
Name Tech_COL: _TechByCountry!$F$2:$F$24
Name Tech_CRI: _TechByCountry!$G$2:$G$23
Name Tech_DOM: _TechByCountry!$H$2:$H$22
Name Tech_ECU: _TechByCountry!$I$2:$I$22
Name Tech_GTM: _TechByCountry!$J$2:$J$24
Name Tech_HND: _TechByCountry!$K$2:$K$23
Name Tech_HTI: _TechByCountry!$L$2:$L$21
Name Tech_MEX: _TechByCountry!$M$2:$M$21
Name Tech_NIC: _TechByCountry!$N$2:$N$21
Name Tech_PAN: _TechByCountry!$O$2:$O$21
Name Tech_PER: _TechByCountry!$P$2:$P$21
Name Tech_PRY: _TechByCountry!$Q$2:$Q$21
Name Tech_SLV: _TechByCountry!$R$2:$R$21
Name Tech_URY: _TechByCountry!$S$2:$S$21

Sheet Instructions
A1: Secondary Techs Editor - Instructions
A3: This Excel file allows you to edit Secondary Techs data easily.
A5: HOW TO USE:
A6: 1. (Optional) Configure OLADE settings in 'OLADE_Config' sheet
A7: 2. Go to the 'Editor' sheet
A8: 3. Fill in each row with:
A9: - Scenario: Select BAU, NDC, NDC+ELC, NDC_NoRPO, or ALL (applies to all scenarios)
A10: - Country: Select the country code (ARG, BOL, CHL, COL, ECU, GTM, etc.)
A11: - Tech.Name: Select from dropdown (options depend on country selected)
A12: - Tech: This column is auto-filled based on Tech.Name (READ-ONLY)
A13: - Parameter: Select the parameter to modify
A14: - Year values: Enter numeric values for each year (leave empty to keep current value)
... A55: Template generated: 2026-04-08 14:09:53

Sheet Documentation
A1: ACTIVITY LIMITS CALCULATION & VALIDATION
A3: 1. BASE FORMULA
A4: ActivityLimit = Generation_OLADE × (1 + growth_rate × (year - ref_year)) × Share_technology
A6: Where:
A7: • Generation_OLADE: Total electricity generation for country in base year (PJ)
A8: • growth_rate: Annual growth rate (e.g., 0.02 = 2%)
A9: • ref_year: OLADE reference year (2023)
A10: • Share_technology: Technology share (from Shares_Total or Renewability_Targets)
A12: UpperLimit = LowerLimit × 1.05
A15: 2. INDIVIDUAL VALIDATION (during calculation)
A16: Constraint: LowerLimit ≤ MaxPossibleActivity
A18: MaxPossibleActivity = Capacity × CapacityToActivityUnit × AvailabilityFactor × CapacityFactor
... A76: Note: This indicates additional capacity investment is needed to meet the demand target.

Sheet OLADE_Config
A1: OLADE CONFIGURATION
A2: Fill in the configuration below to automatically populate ResidualCapacity from OLADE data
A4: Configuration Parameter | B4: Value
A5: ResidualCapacitiesFromOLADE | B5: YES
A6: PetroleumSplitMode | B6: Split_PET_OIL
A7: DemandFromOLADE | B7: YES
A8: ActivityLowerLimitFromOLADE | B8: NO
A9: ActivityUpperLimitFromOLADE | B9: EXISTING_ONLY
A10: TradeBalanceDemandAdjustment | B10: YES
A11: InterconnectionsControl | B11: NO
A13: DETAILED DESCRIPTIONS AND FORMULAS
A15: 1. ResidualCapacitiesFromOLADE
A16: Populates the ResidualCapacity parameter for PWR (power generation) technologies.
A18: DATA SOURCE:
A19: File: 'OLADE - Capacidad instalada por fuente - Anual.xlsx'
A20: Sheet: '1.2023' (or corresponding year)
A21: Row 5: Country names
A22: Rows 6-20: Technology capacities in MW
A24: FORMULA:
A25: ResidualCapacity (GW) = OLADE_Capacity (MW) / 1000
A27: NOTES:
A28: - Same flat capacity value is used for all model years
... A165: NOTE: Year values in Projections (efficiency/loss factors) are NOT modified.

Sheet Demand_Growth
A1: ELECTRICITY DEMAND GROWTH RATES
A2: Configure the annual linear growth rate (%) for each country's electricity demand
A4: Country Code | B4: Country Name | C4: Growth Rate (%)
A5: ARG | B5: Argentina | C5: 0.88
A6: BOL | B6: Bolivia | C6: 6.38
A7: BRA | B7: Brazil | C7: 2.19
A8: BRB | B8: Barbados | C8: 5.34
A9: CHL | B9: Chile | C9: 3.69
A10: COL | B10: Colombia | C10: 2.06
A11: CRI | B11: Costa Rica | C11: 3.5
A12: DOM | B12: Dominican Republic | C12: 4.56
A13: ECU | B13: Ecuador | C13: 3.48
A14: GTM | B14: Guatemala | C14: 3.06
A15: HND | B15: Honduras | C15: 3.21
A16: HTI | B16: Haiti | C16: 6.38
... A23: URY | B23: Uruguay | C23: 2.36
A25: Note: Growth rate is applied linearly from the OLADE reference year (2023).
A26: Formula: Demand(year) = Demand(2023) × (1 + rate × (year - 2023))

Sheet Scenarios_Demand_Growth
A1: SCENARIO-SPECIFIC DEMAND GROWTH ADJUSTMENTS
A2: Define percentage adjustments to electricity demand for each scenario (excluding base scenario 'BAU').
A3: Each percentage is applied INDEPENDENTLY to the base demand of that year (not cumulative).
A5: Country | B5: Scenario | C5: 2023 | D5: 2024 | E5: 2025 | F5: 2026 | G5: 2027 | H5: 2028 | I5: 2029 | J5: 2030 | K5: 2031 | L5: 2032 | M5: 2033 | N5: 2034 | O5: 2035 | P5: 2036 | Q5: 2037 | R5: 2038 | S5: 2039 | T5: 2040 | U5: 2041 | V5: 2042 | W5: 2043 | X5: 2044 | Y5: 2045 | Z5: 2046 | AA5: 2047 | AB5: 2048 | AC5: 2049 | AD5: 2050
A6: ARG | B6: NDC | C6: 0 | D6: 0 | E6: 0.005 | F6: 0.01 | G6: 0.015 | H6: 0.02 | I6: 0.025 | J6: 0.03 | K6: 0.035 | L6: 0.04 | M6: 0.045 | N6: 0.05 | O6: 0.055 | P6: 0.06 | Q6: 0.065 | R6: 0.07 | S6: 0.075 | T6: 0.08 | U6: 0.085 | V6: 0.09 | W6: 0.095 | X6: 0.1 | Y6: 0.105 | Z6: 0.11 | AA6: 0.115 | AB6: 0.12 | AC6: 0.125 | AD6: 0.13
A7: ARG | B7: NDC+ELC | C7: 0 | D7: 0 | E7: 0.005 | F7: 0.01 | G7: 0.015 | H7: 0.02 | I7: 0.025 | J7: 0.03 | K7: 0.035 | L7: 0.04 | M7: 0.045 | N7: 0.05 | O7: 0.055 | P7: 0.06 | Q7: 0.065 | R7: 0.07 | S7: 0.075 | T7: 0.08 | U7: 0.085 | V7: 0.09 | W7: 0.095 | X7: 0.1 | Y7: 0.105 | Z7: 0.11 | AA7: 0.115 | AB7: 0.12 | AC7: 0.125 | AD7: 0.13
A8: ARG | B8: NDC_NoRPO | C8: 0 | D8: 0 | E8: 0.005 | F8: 0.01 | G8: 0.015 | H8: 0.02 | I8: 0.025 | J8: 0.03 | K8: 0.035 | L8: 0.04 | M8: 0.045 | N8: 0.05 | O8: 0.055 | P8: 0.06 | Q8: 0.065 | R8: 0.07 | S8: 0.075 | T8: 0.08 | U8: 0.085 | V8: 0.09 | W8: 0.095 | X8: 0.1 | Y8: 0.105 | Z8: 0.11 | AA8: 0.115 | AB8: 0.12 | AC8: 0.125 | AD8: 0.13
A9: BOL | B9: NDC | C9: 0 | D9: 0 | E9: 0.005 | F9: 0.01 | G9: 0.015 | H9: 0.02 | I9: 0.025 | J9: 0.03 | K9: 0.035 | L9: 0.04 | M9: 0.045 | N9: 0.05 | O9: 0.055 | P9: 0.06 | Q9: 0.065 | R9: 0.07 | S9: 0.075 | T9: 0.08 | U9: 0.085 | V9: 0.09 | W9: 0.095 | X9: 0.1 | Y9: 0.105 | Z9: 0.11 | AA9: 0.115 | AB9: 0.12 | AC9: 0.125 | AD9: 0.13
A10: BOL | B10: NDC+ELC | C10: 0 | D10: 0 | E10: 0.005 | F10: 0.01 | G10: 0.015 | H10: 0.02 | I10: 0.025 | J10: 0.03 | K10: 0.035 | L10: 0.04 | M10: 0.045 | N10: 0.05 | O10: 0.055 | P10: 0.06 | Q10: 0.065 | R10: 0.07 | S10: 0.075 | T10: 0.08 | U10: 0.085 | V10: 0.09 | W10: 0.095 | X10: 0.1 | Y10: 0.105 | Z10: 0.11 | AA10: 0.115 | AB10: 0.12 | AC10: 0.125 | AD10: 0.13
A11: BOL | B11: NDC_NoRPO | C11: 0 | D11: 0 | E11: 0.005 | F11: 0.01 | G11: 0.015 | H11: 0.02 | I11: 0.025 | J11: 0.03 | K11: 0.035 | L11: 0.04 | M11: 0.045 | N11: 0.05 | O11: 0.055 | P11: 0.06 | Q11: 0.065 | R11: 0.07 | S11: 0.075 | T11: 0.08 | U11: 0.085 | V11: 0.09 | W11: 0.095 | X11: 0.1 | Y11: 0.105 | Z11: 0.11 | AA11: 0.115 | AB11: 0.12 | AC11: 0.125 | AD11: 0.13
A12: BRA | B12: NDC | C12: 0 | D12: 0 | E12: 0.005 | F12: 0.01 | G12: 0.015 | H12: 0.02 | I12: 0.025 | J12: 0.03 | K12: 0.035 | L12: 0.04 | M12: 0.045 | N12: 0.05 | O12: 0.055 | P12: 0.06 | Q12: 0.065 | R12: 0.07 | S12: 0.075 | T12: 0.08 | U12: 0.085 | V12: 0.09 | W12: 0.095 | X12: 0.1 | Y12: 0.105 | Z12: 0.11 | AA12: 0.115 | AB12: 0.12 | AC12: 0.125 | AD12: 0.13
A13: BRA | B13: NDC+ELC | C13: 0 | D13: 0 | E13: 0.005 | F13: 0.01 | G13: 0.015 | H13: 0.02 | I13: 0.025 | J13: 0.03 | K13: 0.035 | L13: 0.04 | M13: 0.045 | N13: 0.05 | O13: 0.055 | P13: 0.06 | Q13: 0.065 | R13: 0.07 | S13: 0.075 | T13: 0.08 | U13: 0.085 | V13: 0.09 | W13: 0.095 | X13: 0.1 | Y13: 0.105 | Z13: 0.11 | AA13: 0.115 | AB13: 0.12 | AC13: 0.125 | AD13: 0.13
A14: BRA | B14: NDC_NoRPO | C14: 0 | D14: 0 | E14: 0.005 | F14: 0.01 | G14: 0.015 | H14: 0.02 | I14: 0.025 | J14: 0.03 | K14: 0.035 | L14: 0.04 | M14: 0.045 | N14: 0.05 | O14: 0.055 | P14: 0.06 | Q14: 0.065 | R14: 0.07 | S14: 0.075 | T14: 0.08 | U14: 0.085 | V14: 0.09 | W14: 0.095 | X14: 0.1 | Y14: 0.105 | Z14: 0.11 | AA14: 0.115 | AB14: 0.12 | AC14: 0.125 | AD14: 0.13
A15: BRB | B15: NDC | C15: 0 | D15: 0 | E15: 0.005 | F15: 0.01 | G15: 0.015 | H15: 0.02 | I15: 0.025 | J15: 0.03 | K15: 0.035 | L15: 0.04 | M15: 0.045 | N15: 0.05 | O15: 0.055 | P15: 0.06 | Q15: 0.065 | R15: 0.07 | S15: 0.075 | T15: 0.08 | U15: 0.085 | V15: 0.09 | W15: 0.095 | X15: 0.1 | Y15: 0.105 | Z15: 0.11 | AA15: 0.115 | AB15: 0.12 | AC15: 0.125 | AD15: 0.13
A16: BRB | B16: NDC+ELC | C16: 0 | D16: 0 | E16: 0.005 | F16: 0.01 | G16: 0.015 | H16: 0.02 | I16: 0.025 | J16: 0.03 | K16: 0.035 | L16: 0.04 | M16: 0.045 | N16: 0.05 | O16: 0.055 | P16: 0.06 | Q16: 0.065 | R16: 0.07 | S16: 0.075 | T16: 0.08 | U16: 0.085 | V16: 0.09 | W16: 0.095 | X16: 0.1 | Y16: 0.105 | Z16: 0.11 | AA16: 0.115 | AB16: 0.12 | AC16: 0.125 | AD16: 0.13
A17: BRB | B17: NDC_NoRPO | C17: 0 | D17: 0 | E17: 0.005 | F17: 0.01 | G17: 0.015 | H17: 0.02 | I17: 0.025 | J17: 0.03 | K17: 0.035 | L17: 0.04 | M17: 0.045 | N17: 0.05 | O17: 0.055 | P17: 0.06 | Q17: 0.065 | R17: 0.07 | S17: 0.075 | T17: 0.08 | U17: 0.085 | V17: 0.09 | W17: 0.095 | X17: 0.1 | Y17: 0.105 | Z17: 0.11 | AA17: 0.115 | AB17: 0.12 | AC17: 0.125 | AD17: 0.13
... A62: URY | B62: NDC_NoRPO | C62: 0 | D62: 0 | E62: 0.005 | F62: 0.01 | G62: 0.015 | H62: 0.02 | I62: 0.025 | J62: 0.03 | K62: 0.035 | L62: 0.04 | M62: 0.045 | N62: 0.05 | O62: 0.055 | P62: 0.06 | Q62: 0.065 | R62: 0.07 | S62: 0.075 | T62: 0.08 | U62: 0.085 | V62: 0.09 | W62: 0.095 | X62: 0.1 | Y62: 0.105 | Z62: 0.11 | AA62: 0.115 | AB62: 0.12 | AC62: 0.125 | AD62: 0.13
A64: HOW IT WORKS:
A65: Base Scenario: 'BAU' uses the demand growth rates from the 'Demand_Growth' sheet
A66: Other Scenarios: Apply additional percentage adjustments defined in this sheet
A68: CALCULATION METHOD (Independent, Non-Cumulative):
A69: Demand(scenario, year) = Base_Demand(BAU, year) × (1 + adjustment_percentage)
A71: EXAMPLE:
A72: If BAU demand in 2030 is 100 PJ and you set +5% for NDC in 2030:
A73: → NDC demand in 2030 = 100 × (1 + 0.05) = 105 PJ
A74: If you set -3% for 2035:
A75: → NDC demand in 2035 = Base_Demand(BAU, 2035) × (1 - 0.03)
A76: Each year's percentage is independent and applies to that year's base demand only
A78: USE CASES:
... A86: - Base scenario 'BAU' is excluded from this sheet

Sheet Renewability_Targets
A1: RENEWABILITY TARGETS
A2: Define the target percentage of RENEWABLE generation for each country/scenario.
A3: Base year is 2023 (from OLADE data). Only define targets for years where you want to set a specific renewable %.
A5: Country | B5: Scenario | C5: Interpolation | D5: 2023 | E5: 2024 | F5: 2025 | G5: 2026 | H5: 2027 | I5: 2028 | J5: 2029 | K5: 2030 | L5: 2031 | M5: 2032 | N5: 2033 | O5: 2034 | P5: 2035 | Q5: 2036 | R5: 2037 | S5: 2038 | T5: 2039 | U5: 2040 | V5: 2041 | W5: 2042 | X5: 2043 | Y5: 2044 | Z5: 2045 | AA5: 2046 | AB5: 2047 | AC5: 2048 | AD5: 2049 | AE5: 2050
A6: ARG | B6: BAU | C6: flat_step | K6: 0.46
A7: ARG | B7: NDC | C7: flat_step | K7: 0.52
A8: ARG | B8: NDC+ELC | C8: flat_step | K8: 0.52
A9: ARG | B9: NDC_NoRPO | C9: flat_step | K9: 0.49
A10: BOL | B10: BAU | C10: flat_step | K10: 0.35
A11: BOL | B11: NDC | C11: flat_step | K11: 0.79
A12: BOL | B12: NDC+ELC | C12: flat_step | K12: 0.79
A13: BOL | B13: NDC_NoRPO | C13: flat_step | K13: 0.79
A14: BRA | B14: BAU | C14: flat_step | K14: 0.91
A15: BRA | B15: NDC | C15: flat_step | K15: 0.91
A16: BRA | B16: NDC+ELC | C16: flat_step | K16: 0.91
A17: BRA | B17: NDC_NoRPO | C17: flat_step | K17: 0.91
... A81: URY | B81: NDC_NoRPO | C81: flat_step | K81: 0.97
A83: HOW IT WORKS:
A84: 1. Base year (2023): Uses actual renewable % from OLADE/Shares_Power_Generation_Technologies.xlsx data
A85: 2. Target years: Define your desired renewable % in specific years (e.g., 50% in 2030, 70% in 2040)
A86: 3. Empty cells: Values are interpolated based on the interpolation mode selected
A88: INTERPOLATION MODES:
A89: - linear: Smooth linear progression from base year to each target year
A90: - flat_step: Keep flat at previous value until target year, then jump to new value (staircase)
A92: RENEWABLE SOURCES (summed for renewable %):
A93: HYD (Hydro), SPV (Solar), WND (Wind), GEO (Geothermal), BIO (Biomass)
A95: EXAMPLE: If base year has 40% renewable and you set 60% for 2030:
A96: - linear: 40%(2023) -> 44%(2025) -> 48%(2027) -> 52%(2029) -> 60%(2030)
A97: - flat_step: 40%(2023-2029) -> 60%(2030+)

Sheet Technology_Weights
A1: TECHNOLOGY WEIGHTS (OPTIONAL)
A2: *** THIS SHEET IS OPTIONAL - LEAVE EMPTY TO USE DEFAULT BEHAVIOR ***
A3: DEFAULT BEHAVIOR (when this sheet is empty):
A4: The renewable % target is distributed PROPORTIONALLY based on each technology's share in OLADE base year data.
A5: Example: If OLADE shows HYD=60%, SPV=25%, WND=10%, GEO=3%, BIO=2% and you set 70% renewable target:
A6: -> HYD gets 70% x (60/100) = 42%, SPV gets 70% x (25/100) = 17.5%, etc.
A7: Non-renewable technologies are also distributed proportionally within the remaining (1 - renewable%) share.
C8: RENEWABLE | H8: NON-RENEWABLE
A9: Country | B9: Scenario | C9: HYD | D9: SPV | E9: WND | F9: GEO | G9: BIO | H9: COA | I9: PET | J9: NGS | K9: URN | L9: OIL
A10: ARG | B10: BAU
A11: ARG | B11: NDC
A12: ARG | B12: NDC+ELC
A13: ARG | B13: NDC_NoRPO
A14: BOL | B14: BAU
A15: BOL | B15: NDC
A16: BOL | B16: NDC+ELC
A17: BOL | B17: NDC_NoRPO
A18: BRA | B18: BAU
A19: BRA | B19: NDC
A20: BRA | B20: NDC+ELC
A21: BRA | B21: NDC_NoRPO
... A85: URY | B85: NDC_NoRPO
A88: WHEN TO USE THIS SHEET:
A89: Only fill this sheet if you want to OVERRIDE the default proportional distribution.
A90: For example, if you want Solar to grow faster than its historical proportion suggests.
A92: RULES FOR WEIGHTS:
A93: - Renewable weights (HYD+SPV+WND+GEO+BIO) must sum to 1.0
A94: - Non-renewable weights (COA+PET+NGS+URN+OIL) must sum to 1.0
A95: - The renewable % from Renewability_Targets determines how much goes to each group
A97: TECHNOLOGY CODES (same as OLADE sources):
A98: RENEWABLE: HYD=Hidroelectrica, SPV=Solar, WND=Eolica, GEO=Geotermica, BIO=Biomasa
A99: NON-RENEWABLE: COA=Carbon, PET=Diesel, NGS=Gas natural, URN=Nuclear, OIL=Fuel oil+Bunker
A101: EXAMPLE:
A102: If Renewability_Targets says 60% renewable for 2030, and you set weights:
... A105: Then for 2030: HYD=60%x0.40=24%, SPV=60%x0.35=21%, NGS=40%x0.60=24%, etc.

Sheet Editor
A1: Scenario | B1: Country | C1: Tech.Name | D1: Tech | E1: Parameter | F1: 2023 | G1: 2024 | H1: 2025 | I1: 2026 | J1: 2027 | K1: 2028 | L1: 2029 | M1: 2030 | N1: 2031 | O1: 2032 | P1: 2033 | Q1: 2034 | R1: 2035 | S1: 2036 | T1: 2037 | U1: 2038 | V1: 2039 | W1: 2040 | X1: 2041 | Y1: 2042 | Z1: 2043 | AA1: 2044 | AB1: 2045 | AC1: 2046 | AD1: 2047 | AE1: 2048 | AF1: 2049 | AG1: 2050
A2: ALL | B2: ARG | C2: Transmission interconnection from Argentina, region XX to Bolivia, region XX | D2: TRNARGXXBOLXX | E2: TotalTechnologyAnnualActivityUpperLimit | F2: 0.280983 | G2: 0.712927 | H2: 0.198783 | I2: 0.198783 | J2: 0.198783 | K2: 0.198783 | L2: 0.198783 | M2: 0.198783 | N2: 0.198783 | O2: 0.198783 | P2: 0.198783 | Q2: 0.198783 | R2: 0.198783 | S2: 0.198783 | T2: 0.198783 | U2: 0.198783 | V2: 0.198783 | W2: 0.198783 | X2: 0.198783 | Y2: 0.198783 | Z2: 0.198783 | AA2: 0.198783 | AB2: 0.198783 | AC2: 0.198783 | AD2: 0.198783 | AE2: 0.198783 | AF2: 0.198783 | AG2: 0.198783
A3: ALL | B3: ARG | C3: Transmission interconnection from Argentina, region XX to Brazil, region XX | D3: TRNARGXXBRAXX | E3: TotalTechnologyAnnualActivityUpperLimit | F3: 15.289015 | G3: 13.109562 | H3: 13.288787 | I3: 13.288787 | J3: 13.288787 | K3: 13.288787 | L3: 13.288787 | M3: 13.288787 | N3: 13.288787 | O3: 13.288787 | P3: 13.288787 | Q3: 13.288787 | R3: 13.288787 | S3: 13.288787 | T3: 13.288787 | U3: 13.288787 | V3: 13.288787 | W3: 13.288787 | X3: 13.288787 | Y3: 13.288787 | Z3: 13.288787 | AA3: 13.288787 | AB3: 13.288787 | AC3: 13.288787 | AD3: 13.288787 | AE3: 13.288787 | AF3: 13.288787 | AG3: 13.288787
A4: ALL | B4: ARG | C4: Transmission interconnection from Argentina, region XX to Chile, region XX | D4: TRNARGXXCHLXX | E4: TotalTechnologyAnnualActivityUpperLimit | F4: 0.216768 | G4: 0 | H4: 0.050599 | I4: 0.050599 | J4: 0.050599 | K4: 0.050599 | L4: 0.050599 | M4: 0.050599 | N4: 0.050599 | O4: 0.050599 | P4: 0.050599 | Q4: 0.050599 | R4: 0.050599 | S4: 0.050599 | T4: 0.050599 | U4: 0.050599 | V4: 0.050599 | W4: 0.050599 | X4: 0.050599 | Y4: 0.050599 | Z4: 0.050599 | AA4: 0.050599 | AB4: 0.050599 | AC4: 0.050599 | AD4: 0.050599 | AE4: 0.050599 | AF4: 0.050599 | AG4: 0.050599
A5: ALL | B5: ARG | C5: Transmission interconnection from Argentina, region XX to Paraguay, region XX | D5: TRNARGXXPRYXX | E5: TotalTechnologyAnnualActivityUpperLimit | F5: 42.935092 | G5: 25.679532 | H5: 31.077882 | I5: 31.077882 | J5: 31.077882 | K5: 31.077882 | L5: 31.077882 | M5: 31.077882 | N5: 31.077882 | O5: 31.077882 | P5: 31.077882 | Q5: 31.077882 | R5: 31.077882 | S5: 31.077882 | T5: 31.077882 | U5: 31.077882 | V5: 31.077882 | W5: 31.077882 | X5: 31.077882 | Y5: 31.077882 | Z5: 31.077882 | AA5: 31.077882 | AB5: 31.077882 | AC5: 31.077882 | AD5: 31.077882 | AE5: 31.077882 | AF5: 31.077882 | AG5: 31.077882
A6: ALL | B6: ARG | C6: Transmission interconnection from Argentina, region XX to Uruguay, region XX | D6: TRNARGXXURYXX | E6: TotalTechnologyAnnualActivityUpperLimit | F6: 0 | G6: 2.47356 | H6: 1.245699 | I6: 1.245699 | J6: 1.245699 | K6: 1.245699 | L6: 1.245699 | M6: 1.245699 | N6: 1.245699 | O6: 1.245699 | P6: 1.245699 | Q6: 1.245699 | R6: 1.245699 | S6: 1.245699 | T6: 1.245699 | U6: 1.245699 | V6: 1.245699 | W6: 1.245699 | X6: 1.245699 | Y6: 1.245699 | Z6: 1.245699 | AA6: 1.245699 | AB6: 1.245699 | AC6: 1.245699 | AD6: 1.245699 | AE6: 1.245699 | AF6: 1.245699 | AG6: 1.245699
A7: ALL | B7: BOL | C7: Transmission interconnection from Bolivia, region XX to Brazil, region XX | D7: TRNBOLXXBRAXX | E7: TotalTechnologyAnnualActivityUpperLimit | F7: 0 | G7: 0 | H7: 0 | I7: 0 | J7: 0 | K7: 0 | L7: 0 | M7: 0 | N7: 0 | O7: 0 | P7: 0 | Q7: 0 | R7: 0 | S7: 0 | T7: 0 | U7: 0 | V7: 0 | W7: 0 | X7: 0 | Y7: 0 | Z7: 0 | AA7: 0 | AB7: 0 | AC7: 0 | AD7: 0 | AE7: 0 | AF7: 0 | AG7: 0
A8: ALL | B8: BOL | C8: Transmission interconnection from Bolivia, region XX to Chile, region XX | D8: TRNBOLXXCHLXX | E8: TotalTechnologyAnnualActivityUpperLimit | F8: 0 | G8: 0 | H8: 0 | I8: 0 | J8: 0 | K8: 0 | L8: 0 | M8: 0 | N8: 0 | O8: 0 | P8: 0 | Q8: 0 | R8: 0 | S8: 0 | T8: 0 | U8: 0 | V8: 0 | W8: 0 | X8: 0 | Y8: 0 | Z8: 0 | AA8: 0 | AB8: 0 | AC8: 0 | AD8: 0 | AE8: 0 | AF8: 0 | AG8: 0
A9: ALL | B9: BOL | C9: Transmission interconnection from Bolivia, region XX to Paraguay, region XX | D9: TRNBOLXXPRYXX | E9: TotalTechnologyAnnualActivityUpperLimit | F9: 0 | G9: 0 | H9: 0 | I9: 0 | J9: 0 | K9: 0 | L9: 0 | M9: 0 | N9: 0 | O9: 0 | P9: 0 | Q9: 0 | R9: 0 | S9: 0 | T9: 0 | U9: 0 | V9: 0 | W9: 0 | X9: 0 | Y9: 0 | Z9: 0 | AA9: 0 | AB9: 0 | AC9: 0 | AD9: 0 | AE9: 0 | AF9: 0 | AG9: 0
A10: ALL | B10: BOL | C10: Transmission interconnection from Bolivia, region XX to Peru, region XX | D10: TRNBOLXXPERXX | E10: TotalTechnologyAnnualActivityUpperLimit | F10: 0 | G10: 0 | H10: 0 | I10: 0 | J10: 0 | K10: 0 | L10: 0 | M10: 0 | N10: 0 | O10: 0 | P10: 0 | Q10: 0 | R10: 0 | S10: 0 | T10: 0 | U10: 0 | V10: 0 | W10: 0 | X10: 0 | Y10: 0 | Z10: 0 | AA10: 0 | AB10: 0 | AC10: 0 | AD10: 0 | AE10: 0 | AF10: 0 | AG10: 0
A11: ALL | B11: BRA | C11: Transmission interconnection from Brazil, region XX to Colombia, region XX | D11: TRNBRAXXCOLXX | E11: TotalTechnologyAnnualActivityUpperLimit | F11: 0 | G11: 0 | H11: 0 | I11: 0 | J11: 0 | K11: 0 | L11: 0 | M11: 0 | N11: 0 | O11: 0 | P11: 0 | Q11: 0 | R11: 0 | S11: 0 | T11: 0 | U11: 0 | V11: 0 | W11: 0 | X11: 0 | Y11: 0 | Z11: 0 | AA11: 0 | AB11: 0 | AC11: 0 | AD11: 0 | AE11: 0 | AF11: 0 | AG11: 0
A12: ALL | B12: BRA | C12: Transmission interconnection from Brazil, region XX to Paraguay, region XX | D12: TRNBRAXXPRYXX | E12: TotalTechnologyAnnualActivityUpperLimit | F12: 71.938405 | G12: 34.795357 | H12: 59.693174 | I12: 59.693174 | J12: 59.693174 | K12: 59.693174 | L12: 59.693174 | M12: 59.693174 | N12: 59.693174 | O12: 59.693174 | P12: 59.693174 | Q12: 59.693174 | R12: 59.693174 | S12: 59.693174 | T12: 59.693174 | U12: 59.693174 | V12: 59.693174 | W12: 59.693174 | X12: 59.693174 | Y12: 59.693174 | Z12: 59.693174 | AA12: 59.693174 | AB12: 59.693174 | AC12: 59.693174 | AD12: 59.693174 | AE12: 59.693174 | AF12: 59.693174 | AG12: 59.693174
A13: ALL | B13: BRA | C13: Transmission interconnection from Brazil, region XX to Peru, region XX | D13: TRNBRAXXPERXX | E13: TotalTechnologyAnnualActivityUpperLimit | F13: 0 | G13: 0 | H13: 0 | I13: 0 | J13: 0 | K13: 0 | L13: 0 | M13: 0 | N13: 0 | O13: 0 | P13: 0 | Q13: 0 | R13: 0 | S13: 0 | T13: 0 | U13: 0 | V13: 0 | W13: 0 | X13: 0 | Y13: 0 | Z13: 0 | AA13: 0 | AB13: 0 | AC13: 0 | AD13: 0 | AE13: 0 | AF13: 0 | AG13: 0
... A53: ALL | B53: HND | C53: Transmission interconnection from Honduras, region XX to Nicaragua, region XX | D53: TRNHNDXXNICXX | E53: TotalTechnologyAnnualActivityLowerLimit | F53: 3.728286 | G53: 4.386218 | H53: 4.433401 | I53: 4.433401 | J53: 4.433401 | K53: 4.433401 | L53: 4.433401 | M53: 4.433401 | N53: 4.433401 | O53: 4.433401 | P53: 4.433401 | Q53: 4.433401 | R53: 4.433401 | S53: 4.433401 | T53: 4.433401 | U53: 4.433401 | V53: 4.433401 | W53: 4.433401 | X53: 4.433401 | Y53: 4.433401 | Z53: 4.433401 | AA53: 4.433401 | AB53: 4.433401 | AC53: 4.433401 | AD53: 4.433401 | AE53: 4.433401 | AF53: 4.433401 | AG53: 4.433401
D54: =IFERROR(VLOOKUP(C54,_TechMapping!$A:$B,2,FALSE),"")
D55: =IFERROR(VLOOKUP(C55,_TechMapping!$A:$B,2,FALSE),"")
D56: =IFERROR(VLOOKUP(C56,_TechMapping!$A:$B,2,FALSE),"")
D57: =IFERROR(VLOOKUP(C57,_TechMapping!$A:$B,2,FALSE),"")
D58: =IFERROR(VLOOKUP(C58,_TechMapping!$A:$B,2,FALSE),"")
D59: =IFERROR(VLOOKUP(C59,_TechMapping!$A:$B,2,FALSE),"")
D60: =IFERROR(VLOOKUP(C60,_TechMapping!$A:$B,2,FALSE),"")
D61: =IFERROR(VLOOKUP(C61,_TechMapping!$A:$B,2,FALSE),"")
D62: =IFERROR(VLOOKUP(C62,_TechMapping!$A:$B,2,FALSE),"")
D63: =IFERROR(VLOOKUP(C63,_TechMapping!$A:$B,2,FALSE),"")
D64: =IFERROR(VLOOKUP(C64,_TechMapping!$A:$B,2,FALSE),"")
D65: =IFERROR(VLOOKUP(C65,_TechMapping!$A:$B,2,FALSE),"")
... D101: =IFERROR(VLOOKUP(C101,_TechMapping!$A:$B,2,FALSE),"")

Sheet Interconnections
A1: INTERCONNECTION CONTROLS
A2: Toggle ON/OFF each direction of TRN interconnection technologies. Requires InterconnectionsControl = YES in OLADE_Config.
A4: Technology | B4: Direction | C4: Mode | D4: Status | E4: Description
A5: TRNARGXXBOLXX | B5: ARG-XX -> BOL-XX | C5: 1 | D5: ON | E5: ELCARGXX02 -> ELCBOLXX01
A6: TRNARGXXBOLXX | B6: BOL-XX -> ARG-XX | C6: 2 | D6: ON | E6: ELCBOLXX02 -> ELCARGXX01
A7: TRNARGXXBRAXX | B7: ARG-XX -> BRA-XX | C7: 1 | D7: ON | E7: ELCARGXX02 -> ELCBRAXX01
A8: TRNARGXXBRAXX | B8: BRA-XX -> ARG-XX | C8: 2 | D8: ON | E8: ELCBRAXX02 -> ELCARGXX01
A9: TRNARGXXCHLXX | B9: ARG-XX -> CHL-XX | C9: 1 | D9: ON | E9: ELCARGXX02 -> ELCCHLXX01
A10: TRNARGXXCHLXX | B10: CHL-XX -> ARG-XX | C10: 2 | D10: ON | E10: ELCCHLXX02 -> ELCARGXX01
A11: TRNARGXXPRYXX | B11: ARG-XX -> PRY-XX | C11: 1 | D11: ON | E11: ELCARGXX02 -> ELCPRYXX01
A12: TRNARGXXPRYXX | B12: PRY-XX -> ARG-XX | C12: 2 | D12: ON | E12: ELCPRYXX02 -> ELCARGXX01
A13: TRNARGXXURYXX | B13: ARG-XX -> URY-XX | C13: 1 | D13: ON | E13: ELCARGXX02 -> ELCURYXX01
A14: TRNARGXXURYXX | B14: URY-XX -> ARG-XX | C14: 2 | D14: ON | E14: ELCURYXX02 -> ELCARGXX01
A15: TRNBOLXXBRAXX | B15: BOL-XX -> BRA-XX | C15: 1 | D15: ON | E15: ELCBOLXX02 -> ELCBRAXX01
A16: TRNBOLXXBRAXX | B16: BRA-XX -> BOL-XX | C16: 2 | D16: ON | E16: ELCBRAXX02 -> ELCBOLXX01
... A56: TRNHNDXXSLVXX | B56: SLV-XX -> HND-XX | C56: 2 | D56: ON | E56: ELCSLVXX02 -> ELCHNDXX01
A58: HOW IT WORKS:
A59: - ON: InputActivityRatio=1, OutputActivityRatio=1, Projection.Mode='User defined'
A60: - OFF: InputActivityRatio=0, OutputActivityRatio=0, Projection.Mode='EMPTY'
A61: - Changes are applied to A-O_AR_Model_Base_Year.xlsx and A-O_AR_Projections.xlsx
A62: - All scenario folders are updated
A64: NOTE: Year values in Projections (efficiency/loss factors) are NOT modified by this control.

Sheet _Scenarios
A1: ALL
A2: BAU
A3: NDC
A4: NDC+ELC
A5: NDC_NoRPO

Sheet _Countries
A1: ARG
A2: BOL
A3: BRA
A4: BRB
A5: CHL
A6: COL
A7: CRI
A8: DOM
A9: ECU
A10: GTM
A11: HND
A12: HTI
... A19: URY

Sheet _TechNames
A1: Backstop (Power generator) Argentina, region XX
A2: Backstop (Power generator) Barbados, region XX
A3: Backstop (Power generator) Bolivia, region XX
A4: Backstop (Power generator) Brazil, region XX
A5: Backstop (Power generator) Chile, region XX
A6: Backstop (Power generator) Colombia, region XX
A7: Backstop (Power generator) Costa Rica, region XX
A8: Backstop (Power generator) Dominican Republic, region XX
A9: Backstop (Power generator) Ecuador, region XX
A10: Backstop (Power generator) El Salvador, region XX
A11: Backstop (Power generator) Guatemala, region XX
A12: Backstop (Power generator) Haiti, region XX
... A425: Wave (Power generator) Uruguay, region XX

Sheet _TechMapping
A1: Backstop (Power generator) Argentina, region XX | B1: PWRBCKARGXX
A2: Backstop (Power generator) Barbados, region XX | B2: PWRBCKBRBXX
A3: Backstop (Power generator) Bolivia, region XX | B3: PWRBCKBOLXX
A4: Backstop (Power generator) Brazil, region XX | B4: PWRBCKBRAXX
A5: Backstop (Power generator) Chile, region XX | B5: PWRBCKCHLXX
A6: Backstop (Power generator) Colombia, region XX | B6: PWRBCKCOLXX
A7: Backstop (Power generator) Costa Rica, region XX | B7: PWRBCKCRIXX
A8: Backstop (Power generator) Dominican Republic, region XX | B8: PWRBCKDOMXX
A9: Backstop (Power generator) Ecuador, region XX | B9: PWRBCKECUXX
A10: Backstop (Power generator) El Salvador, region XX | B10: PWRBCKSLVXX
A11: Backstop (Power generator) Guatemala, region XX | B11: PWRBCKGTMXX
A12: Backstop (Power generator) Haiti, region XX | B12: PWRBCKHTIXX
... A425: Wave (Power generator) Uruguay, region XX | B425: PWRWAVURYXX

Sheet _Parameters
A1: AvailabilityFactor
A2: CapitalCost
A3: FixedCost
A4: ReserveMarginTagFuel
A5: ReserveMarginTagTechnology
A6: ResidualCapacity
A7: TotalAnnualMaxCapacity
A8: TotalAnnualMaxCapacityInvestment
A9: TotalAnnualMinCapacityInvestment
A10: TotalTechnologyAnnualActivityLowerLimit
A11: TotalTechnologyAnnualActivityUpperLimit

Sheet _TechByCountry
A1: ARG | B1: BOL | C1: BRA | D1: BRB | E1: CHL | F1: COL | G1: CRI | H1: DOM | I1: ECU | J1: GTM | K1: HND | L1: HTI | M1: MEX | N1: NIC | O1: PAN | P1: PER | Q1: PRY | R1: SLV | S1: URY
A2: Backstop (Power generator) Argentina, region XX | B2: Backstop (Power generator) Bolivia, region XX | C2: Backstop (Power generator) Brazil, region XX | D2: Backstop (Power generator) Barbados, region XX | E2: Backstop (Power generator) Chile, region XX | F2: Backstop (Power generator) Colombia, region XX | G2: Backstop (Power generator) Costa Rica, region XX | H2: Backstop (Power generator) Dominican Republic, region XX | I2: Backstop (Power generator) Ecuador, region XX | J2: Backstop (Power generator) Guatemala, region XX | K2: Backstop (Power generator) Honduras, region XX | L2: Backstop (Power generator) Haiti, region XX | M2: Backstop (Power generator) Mexico, region XX | N2: Backstop (Power generator) Nicaragua, region XX | O2: Backstop (Power generator) Panama, region XX | P2: Backstop (Power generator) Peru, region XX | Q2: Backstop (Power generator) Paraguay, region XX | R2: Backstop (Power generator) El Salvador, region XX | S2: Backstop (Power generator) Uruguay, region XX
A3: Biomass (Power generator) Argentina, region XX | B3: Biomass (Power generator) Bolivia, region XX | C3: Biomass (Power generator) Brazil, region XX | D3: Biomass (Power generator) Barbados, region XX | E3: Biomass (Power generator) Chile, region XX | F3: Biomass (Power generator) Colombia, region XX | G3: Biomass (Power generator) Costa Rica, region XX | H3: Biomass (Power generator) Dominican Republic, region XX | I3: Biomass (Power generator) Ecuador, region XX | J3: Biomass (Power generator) Guatemala, region XX | K3: Biomass (Power generator) Honduras, region XX | L3: Biomass (Power generator) Haiti, region XX | M3: Biomass (Power generator) Mexico, region XX | N3: Biomass (Power generator) Nicaragua, region XX | O3: Biomass (Power generator) Panama, region XX | P3: Biomass (Power generator) Peru, region XX | Q3: Biomass (Power generator) Paraguay, region XX | R3: Biomass (Power generator) El Salvador, region XX | S3: Biomass (Power generator) Uruguay, region XX
A4: Carbon Capture Storage with Coal (Power generator) Argentina, region XX | B4: Carbon Capture Storage with Coal (Power generator) Bolivia, region XX | C4: Carbon Capture Storage with Coal (Power generator) Brazil, region XX | D4: Carbon Capture Storage with Coal (Power generator) Barbados, region XX | E4: Carbon Capture Storage with Coal (Power generator) Chile, region XX | F4: Carbon Capture Storage with Coal (Power generator) Colombia, region XX | G4: Carbon Capture Storage with Coal (Power generator) Costa Rica, region XX | H4: Carbon Capture Storage with Coal (Power generator) Dominican Republic, region XX | I4: Carbon Capture Storage with Coal (Power generator) Ecuador, region XX | J4: Carbon Capture Storage with Coal (Power generator) Guatemala, region XX | K4: Carbon Capture Storage with Coal (Power generator) Honduras, region XX | L4: Carbon Capture Storage with Coal (Power generator) Haiti, region XX | M4: Carbon Capture Storage with Coal (Power generator) Mexico, region XX | N4: Carbon Capture Storage with Coal (Power generator) Nicaragua, region XX | O4: Carbon Capture Storage with Coal (Power generator) Panama, region XX | P4: Carbon Capture Storage with Coal (Power generator) Peru, region XX | Q4: Carbon Capture Storage with Coal (Power generator) Paraguay, region XX | R4: Carbon Capture Storage with Coal (Power generator) El Salvador, region XX | S4: Carbon Capture Storage with Coal (Power generator) Uruguay, region XX
A5: Coal (Power generator) Argentina, region XX | B5: Coal (Power generator) Bolivia, region XX | C5: Coal (Power generator) Brazil, region XX | D5: Coal (Power generator) Barbados, region XX | E5: Coal (Power generator) Chile, region XX | F5: Coal (Power generator) Colombia, region XX | G5: Coal (Power generator) Costa Rica, region XX | H5: Coal (Power generator) Dominican Republic, region XX | I5: Coal (Power generator) Ecuador, region XX | J5: Coal (Power generator) Guatemala, region XX | K5: Coal (Power generator) Honduras, region XX | L5: Coal (Power generator) Haiti, region XX | M5: Coal (Power generator) Mexico, region XX | N5: Coal (Power generator) Nicaragua, region XX | O5: Coal (Power generator) Panama, region XX | P5: Coal (Power generator) Peru, region XX | Q5: Coal (Power generator) Paraguay, region XX | R5: Coal (Power generator) El Salvador, region XX | S5: Coal (Power generator) Uruguay, region XX
A6: Cogeneration (Power generator) Argentina, region XX | B6: Cogeneration (Power generator) Bolivia, region XX | C6: Cogeneration (Power generator) Brazil, region XX | D6: Cogeneration (Power generator) Barbados, region XX | E6: Cogeneration (Power generator) Chile, region XX | F6: Cogeneration (Power generator) Colombia, region XX | G6: Cogeneration (Power generator) Costa Rica, region XX | H6: Cogeneration (Power generator) Dominican Republic, region XX | I6: Cogeneration (Power generator) Ecuador, region XX | J6: Cogeneration (Power generator) Guatemala, region XX | K6: Cogeneration (Power generator) Honduras, region XX | L6: Cogeneration (Power generator) Haiti, region XX | M6: Cogeneration (Power generator) Mexico, region XX | N6: Cogeneration (Power generator) Nicaragua, region XX | O6: Cogeneration (Power generator) Panama, region XX | P6: Cogeneration (Power generator) Peru, region XX | Q6: Cogeneration (Power generator) Paraguay, region XX | R6: Cogeneration (Power generator) El Salvador, region XX | S6: Cogeneration (Power generator) Uruguay, region XX
A7: Concentrated Solar Power (Power generator) Argentina, region XX | B7: Concentrated Solar Power (Power generator) Bolivia, region XX | C7: Concentrated Solar Power (Power generator) Brazil, region XX | D7: Concentrated Solar Power (Power generator) Barbados, region XX | E7: Concentrated Solar Power (Power generator) Chile, region XX | F7: Concentrated Solar Power (Power generator) Colombia, region XX | G7: Concentrated Solar Power (Power generator) Costa Rica, region XX | H7: Concentrated Solar Power (Power generator) Dominican Republic, region XX | I7: Concentrated Solar Power (Power generator) Ecuador, region XX | J7: Concentrated Solar Power (Power generator) Guatemala, region XX | K7: Concentrated Solar Power (Power generator) Honduras, region XX | L7: Concentrated Solar Power (Power generator) Haiti, region XX | M7: Concentrated Solar Power (Power generator) Mexico, region XX | N7: Concentrated Solar Power (Power generator) Nicaragua, region XX | O7: Concentrated Solar Power (Power generator) Panama, region XX | P7: Concentrated Solar Power (Power generator) Peru, region XX | Q7: Concentrated Solar Power (Power generator) Paraguay, region XX | R7: Concentrated Solar Power (Power generator) El Salvador, region XX | S7: Concentrated Solar Power (Power generator) Uruguay, region XX
A8: Geothermal (Power generator) Argentina, region XX | B8: Geothermal (Power generator) Bolivia, region XX | C8: Geothermal (Power generator) Brazil, region XX | D8: Geothermal (Power generator) Barbados, region XX | E8: Geothermal (Power generator) Chile, region XX | F8: Geothermal (Power generator) Colombia, region XX | G8: Geothermal (Power generator) Costa Rica, region XX | H8: Geothermal (Power generator) Dominican Republic, region XX | I8: Geothermal (Power generator) Ecuador, region XX | J8: Geothermal (Power generator) Guatemala, region XX | K8: Geothermal (Power generator) Honduras, region XX | L8: Geothermal (Power generator) Haiti, region XX | M8: Geothermal (Power generator) Mexico, region XX | N8: Geothermal (Power generator) Nicaragua, region XX | O8: Geothermal (Power generator) Panama, region XX | P8: Geothermal (Power generator) Peru, region XX | Q8: Geothermal (Power generator) Paraguay, region XX | R8: Geothermal (Power generator) El Salvador, region XX | S8: Geothermal (Power generator) Uruguay, region XX
A9: Hydroelectric (Power generator) Argentina, region XX | B9: Hydroelectric (Power generator) Bolivia, region XX | C9: Hydroelectric (Power generator) Brazil, region XX | D9: Hydroelectric (Power generator) Barbados, region XX | E9: Hydroelectric (Power generator) Chile, region XX | F9: Hydroelectric (Power generator) Colombia, region XX | G9: Hydroelectric (Power generator) Costa Rica, region XX | H9: Hydroelectric (Power generator) Dominican Republic, region XX | I9: Hydroelectric (Power generator) Ecuador, region XX | J9: Hydroelectric (Power generator) Guatemala, region XX | K9: Hydroelectric (Power generator) Honduras, region XX | L9: Hydroelectric (Power generator) Haiti, region XX | M9: Hydroelectric (Power generator) Mexico, region XX | N9: Hydroelectric (Power generator) Nicaragua, region XX | O9: Hydroelectric (Power generator) Panama, region XX | P9: Hydroelectric (Power generator) Peru, region XX | Q9: Hydroelectric (Power generator) Paraguay, region XX | R9: Hydroelectric (Power generator) El Salvador, region XX | S9: Hydroelectric (Power generator) Uruguay, region XX
A10: Long duration storage (Power generator) Argentina, region XX | B10: Long duration storage (Power generator) Bolivia, region XX | C10: Long duration storage (Power generator) Brazil, region XX | D10: Long duration storage (Power generator) Barbados, region XX | E10: Long duration storage (Power generator) Chile, region XX | F10: Long duration storage (Power generator) Colombia, region XX | G10: Long duration storage (Power generator) Costa Rica, region XX | H10: Long duration storage (Power generator) Dominican Republic, region XX | I10: Long duration storage (Power generator) Ecuador, region XX | J10: Long duration storage (Power generator) Guatemala, region XX | K10: Long duration storage (Power generator) Honduras, region XX | L10: Long duration storage (Power generator) Haiti, region XX | M10: Long duration storage (Power generator) Mexico, region XX | N10: Long duration storage (Power generator) Nicaragua, region XX | O10: Long duration storage (Power generator) Panama, region XX | P10: Long duration storage (Power generator) Peru, region XX | Q10: Long duration storage (Power generator) Paraguay, region XX | R10: Long duration storage (Power generator) El Salvador, region XX | S10: Long duration storage (Power generator) Uruguay, region XX
A11: Natural Gas (Power generator) Argentina, region XX | B11: Natural Gas (Power generator) Bolivia, region XX | C11: Natural Gas (Power generator) Brazil, region XX | D11: Natural Gas (Power generator) Barbados, region XX | E11: Natural Gas (Power generator) Chile, region XX | F11: Natural Gas (Power generator) Colombia, region XX | G11: Natural Gas (Power generator) Costa Rica, region XX | H11: Natural Gas (Power generator) Dominican Republic, region XX | I11: Natural Gas (Power generator) Ecuador, region XX | J11: Natural Gas (Power generator) Guatemala, region XX | K11: Natural Gas (Power generator) Honduras, region XX | L11: Natural Gas (Power generator) Haiti, region XX | M11: Natural Gas (Power generator) Mexico, region XX | N11: Natural Gas (Power generator) Nicaragua, region XX | O11: Natural Gas (Power generator) Panama, region XX | P11: Natural Gas (Power generator) Peru, region XX | Q11: Natural Gas (Power generator) Paraguay, region XX | R11: Natural Gas (Power generator) El Salvador, region XX | S11: Natural Gas (Power generator) Uruguay, region XX
A12: Nuclear (Power generator) Argentina, region XX | B12: Nuclear (Power generator) Bolivia, region XX | C12: Nuclear (Power generator) Brazil, region XX | D12: Nuclear (Power generator) Barbados, region XX | E12: Nuclear (Power generator) Chile, region XX | F12: Nuclear (Power generator) Colombia, region XX | G12: Nuclear (Power generator) Costa Rica, region XX | H12: Nuclear (Power generator) Dominican Republic, region XX | I12: Nuclear (Power generator) Ecuador, region XX | J12: Nuclear (Power generator) Guatemala, region XX | K12: Nuclear (Power generator) Honduras, region XX | L12: Nuclear (Power generator) Haiti, region XX | M12: Nuclear (Power generator) Mexico, region XX | N12: Nuclear (Power generator) Nicaragua, region XX | O12: Nuclear (Power generator) Panama, region XX | P12: Nuclear (Power generator) Peru, region XX | Q12: Nuclear (Power generator) Paraguay, region XX | R12: Nuclear (Power generator) El Salvador, region XX | S12: Nuclear (Power generator) Uruguay, region XX
... A21: Transmission interconnection from Argentina, region XX to Brazil, region XX | B21: Transmission interconnection from Bolivia, region XX to Chile, region XX | C21: Transmission interconnection from Brazil, region XX to Paraguay, region XX | D21: Wave (Power generator) Barbados, region XX | E21: Waste (Power generator) Chile, region XX | F21: Transmission interconnection from Colombia, region XX to Panama, region XX | G21: Transmission interconnection from Costa Rica, region XX to Panama, region XX | H21: Waste (Power generator) Dominican Republic, region XX | I21: Waste (Power generator) Ecuador, region XX | J21: Transmission interconnection from Guatemala, region XX to Honduras, region XX | K21: Transmission interconnection from Honduras, region XX to Nicaragua, region XX | L21: Wave (Power generator) Haiti, region XX | M21: Wave (Power generator) Mexico, region XX | N21: Wave (Power generator) Nicaragua, region XX | O21: Wave (Power generator) Panama, region XX | P21: Wave (Power generator) Peru, region XX | Q21: Wave (Power generator) Paraguay, region XX | R21: Wave (Power generator) El Salvador, region XX | S21: Wave (Power generator) Uruguay, region XX
A22: Transmission interconnection from Argentina, region XX to Chile, region XX | B22: Transmission interconnection from Bolivia, region XX to Paraguay, region XX | C22: Transmission interconnection from Brazil, region XX to Peru, region XX | E22: Wave (Power generator) Chile, region XX | F22: Transmission interconnection from Colombia, region XX to Peru, region XX | G22: Waste (Power generator) Costa Rica, region XX | H22: Wave (Power generator) Dominican Republic, region XX | I22: Wave (Power generator) Ecuador, region XX | J22: Transmission interconnection from Guatemala, region XX to Mexico, region XX | K22: Waste (Power generator) Honduras, region XX
A23: Transmission interconnection from Argentina, region XX to Paraguay, region XX | B23: Transmission interconnection from Bolivia, region XX to Peru, region XX | C23: Transmission interconnection from Brazil, region XX to Uruguay, region XX | F23: Waste (Power generator) Colombia, region XX | G23: Wave (Power generator) Costa Rica, region XX | J23: Waste (Power generator) Guatemala, region XX | K23: Wave (Power generator) Honduras, region XX
A24: Transmission interconnection from Argentina, region XX to Uruguay, region XX | B24: Waste (Power generator) Bolivia, region XX | C24: Waste (Power generator) Brazil, region XX | F24: Wave (Power generator) Colombia, region XX | J24: Wave (Power generator) Guatemala, region XX
A25: Waste (Power generator) Argentina, region XX | B25: Wave (Power generator) Bolivia, region XX | C25: Wave (Power generator) Brazil, region XX
A26: Wave (Power generator) Argentina, region XX
